id,0.1_100_9_tarantula,0.1_100_9_ochiai,0.1_100_9_D_star,0.1_100_9_Op2,0.1_100_9_Barinel,0.1_100_9_time,0.1_200_9_tarantula,0.1_200_9_ochiai,0.1_200_9_D_star,0.1_200_9_Op2,0.1_200_9_Barinel,0.1_200_9_time,0.1_500_9_tarantula,0.1_500_9_ochiai,0.1_500_9_D_star,0.1_500_9_Op2,0.1_500_9_Barinel,0.1_500_9_time,0.1_1000_9_tarantula,0.1_1000_9_ochiai,0.1_1000_9_D_star,0.1_1000_9_Op2,0.1_1000_9_Barinel,0.1_1000_9_time,0.1_2000_9_tarantula,0.1_2000_9_ochiai,0.1_2000_9_D_star,0.1_2000_9_Op2,0.1_2000_9_Barinel,0.1_2000_9_time
74669249.0,1.0,1.0,1.0,1.0,1.0,6.223125696182251,1.0,1.0,1.0,1.0,1.0,9.47509503364563,1.0,1.0,1.0,1.0,1.0,18.15477204322815,1.0,1.0,1.0,1.0,1.0,31.976696252822876,1.0,1.0,1.0,1.0,1.0,60.53918409347534
74200607.0,0.0,0.0,0.0,0.0,0.0,10.6038076877594,0.0,0.0,0.0,0.0,0.0,11.51260781288147,0.0,0.0,0.0,0.0,0.0,11.533412218093872,0.0,0.0,0.0,0.0,0.0,11.567211866378784,0.0,0.0,0.0,0.0,0.0,12.988151788711548
73567385.0,0.0,0.0,0.0,0.0,0.0,377.08284759521484,0.0,0.0,0.0,0.0,0.0,739.7044997215271,0.0,0.0,0.0,0.0,0.0,1317.5960397720337,0.0,0.0,0.0,0.0,0.0,2554.6801121234894,0.0,0.0,0.0,0.0,0.0,5511.92525267601
73308371.0,0.0,1.0,0.0,1.0,0.0,0.08991122245788574,0.0,1.0,1.0,1.0,0.0,0.1066732406616211,0.0,1.0,1.0,1.0,0.0,0.10396194458007812,0.0,1.0,1.0,1.0,0.0,0.10540246963500977,0.0,1.0,1.0,1.0,0.0,0.10737442970275879
73275569.0,0.0,0.0,0.0,0.0,0.0,3.4379124641418457,0.0,0.0,0.0,0.0,0.0,5.186162233352661,0.0,0.0,0.0,0.0,0.0,10.568894863128662,0.0,0.0,0.0,0.0,0.0,18.514872550964355,0.0,0.0,0.0,0.0,0.0,34.043723344802856
72965428.0,0.0,0.0,0.0,0.0,0.0,37.54953098297119,0.0,0.0,0.0,0.0,0.0,70.57268404960632,0.0,0.0,0.0,0.0,0.0,172.2200858592987,0.0,0.0,0.0,0.0,0.0,339.1902663707733,0.0,0.0,0.0,0.0,0.0,691.9395642280579
72802464.0,0.0,0.0,0.0,0.0,0.0,21.85670018196106,0.0,0.0,0.0,0.0,0.0,42.496522665023804,0.0,0.0,0.0,0.0,0.0,90.89776372909546,0.0,0.0,0.0,0.0,0.0,125.98211598396301,0.0,0.0,0.0,0.0,0.0,200.02790331840515
72744278.0,0.0,0.0,0.0,0.0,0.0,0.4093966484069824,0.0,0.0,0.0,0.0,0.0,0.7960519790649414,0.0,0.0,0.0,0.0,0.0,1.6612300872802734,0.0,0.0,0.0,0.0,0.0,3.1344642639160156,0.0,0.0,0.0,0.0,0.0,6.283818006515503
72676542.0,0.0,1.0,1.0,1.0,0.0,1.3454492092132568,0.0,1.0,1.0,1.0,0.0,2.3604977130889893,0.0,1.0,1.0,1.0,0.0,5.456394672393799,0.0,1.0,1.0,1.0,0.0,10.498246669769287,0.0,1.0,1.0,1.0,0.0,21.046879768371582
71715697.0,0.0,0.0,0.0,0.0,0.0,4.214057445526123,0.0,0.0,0.0,0.0,0.0,7.162381172180176,0.0,0.0,0.0,0.0,0.0,15.22370982170105,0.0,0.0,0.0,0.0,0.0,26.57658839225769,0.0,0.0,0.0,0.0,0.0,47.04653978347778
70650848.0,1.0,1.0,1.0,1.0,1.0,0.08910179138183594,1.0,1.0,1.0,1.0,1.0,0.09435868263244629,1.0,1.0,1.0,1.0,1.0,0.08895683288574219,1.0,1.0,1.0,1.0,1.0,0.15537500381469727,1.0,1.0,1.0,1.0,1.0,0.09145951271057129
70589997.0,1.0,1.0,1.0,1.0,1.0,0.47406959533691406,1.0,1.0,1.0,1.0,1.0,0.601966142654419,1.0,1.0,1.0,1.0,1.0,1.2662789821624756,1.0,1.0,1.0,1.0,1.0,2.320035696029663,1.0,1.0,1.0,1.0,1.0,4.372697353363037
70148149.0,1.0,1.0,0.0,1.0,1.0,0.3304617404937744,1.0,1.0,0.0,1.0,1.0,0.4723684787750244,1.0,1.0,0.0,1.0,1.0,0.6901843547821045,1.0,1.0,0.0,1.0,1.0,0.9427268505096436,1.0,1.0,0.0,1.0,1.0,1.6632447242736816
69901379.0,0.0,0.0,0.0,0.0,0.0,0.15157270431518555,0.0,0.0,0.0,0.0,0.0,0.15135836601257324,0.0,0.0,0.0,0.0,0.0,0.14504408836364746,0.0,0.0,0.0,0.0,0.0,0.15326976776123047,0.0,0.0,0.0,0.0,0.0,0.15471172332763672
69787272.0,0.0,0.0,0.0,0.0,0.0,0.13353848457336426,0.0,0.0,0.0,0.0,0.0,0.13607120513916016,0.0,0.0,0.0,0.0,0.0,0.13474369049072266,0.0,0.0,0.0,0.0,0.0,0.13753938674926758,0.0,0.0,0.0,0.0,0.0,0.13653302192687988
68938619.0,1.0,1.0,1.0,0.0,1.0,0.20293283462524414,1.0,1.0,1.0,0.0,1.0,0.21248483657836914,1.0,1.0,1.0,0.0,1.0,0.24451303482055664,1.0,1.0,1.0,0.0,1.0,0.20307636260986328,1.0,1.0,1.0,0.0,1.0,0.2092571258544922
68751439.0,0.0,0.0,0.0,1.0,0.0,0.11853384971618652,0.0,0.0,0.0,1.0,0.0,0.12729549407958984,0.0,0.0,0.0,1.0,0.0,0.14296674728393555,0.0,0.0,0.0,1.0,0.0,0.1265876293182373,0.0,0.0,0.0,1.0,0.0,0.13094735145568848
68458462.0,1.0,1.0,1.0,1.0,1.0,0.09099936485290527,1.0,1.0,1.0,1.0,1.0,0.0761880874633789,1.0,1.0,1.0,1.0,1.0,0.27437424659729004,1.0,1.0,1.0,1.0,1.0,0.08698725700378418,1.0,1.0,1.0,1.0,1.0,0.0838174819946289
68321264.0,0.0,1.0,0.0,1.0,0.0,28.29207992553711,0.0,1.0,0.0,1.0,0.0,52.0568151473999,0.0,1.0,0.0,1.0,0.0,105.59852004051208,0.0,1.0,0.0,1.0,0.0,173.27067589759827,0.0,1.0,0.0,1.0,0.0,279.14231848716736
68101077.0,0.0,0.0,0.0,0.0,0.0,15.841728687286377,0.0,0.0,0.0,0.0,0.0,25.542508125305176,0.0,0.0,0.0,0.0,0.0,49.1975793838501,0.0,0.0,0.0,0.0,0.0,70.29164695739746,0.0,0.0,0.0,0.0,0.0,71.28700971603394
67529687.0,1.0,1.0,1.0,1.0,1.0,1.8425440788269043,1.0,1.0,1.0,1.0,1.0,2.4445581436157227,1.0,1.0,1.0,1.0,1.0,4.098734140396118,1.0,1.0,1.0,1.0,1.0,6.796894311904907,1.0,1.0,1.0,1.0,1.0,12.348438739776611
66840108.0,1.0,1.0,1.0,1.0,1.0,0.231980562210083,1.0,1.0,1.0,1.0,1.0,0.27145934104919434,1.0,1.0,1.0,1.0,1.0,0.26765871047973633,1.0,1.0,1.0,1.0,1.0,0.2771024703979492,1.0,1.0,1.0,1.0,1.0,0.27774882316589355
66602662.0,0.0,1.0,1.0,1.0,0.0,0.23252367973327637,0.0,1.0,1.0,1.0,0.0,0.23726177215576172,0.0,1.0,1.0,1.0,0.0,0.24843859672546387,0.0,1.0,1.0,1.0,0.0,0.23566746711730957,0.0,1.0,1.0,1.0,0.0,0.24067258834838867
66407123.0,0.0,1.0,1.0,1.0,0.0,0.10550117492675781,0.0,1.0,1.0,1.0,0.0,0.10662579536437988,0.0,1.0,1.0,1.0,0.0,0.11213421821594238,0.0,1.0,1.0,1.0,0.0,0.10682201385498047,0.0,1.0,1.0,1.0,0.0,0.1089937686920166
66235657.0,1.0,1.0,1.0,1.0,1.0,54.8387348651886,1.0,1.0,1.0,1.0,1.0,88.69581246376038,1.0,1.0,1.0,1.0,1.0,198.49965453147888,1.0,1.0,1.0,1.0,1.0,362.3036286830902,1.0,1.0,1.0,1.0,1.0,716.7415025234222
66087653.0,1.0,1.0,1.0,1.0,1.0,1.3859584331512451,1.0,1.0,1.0,1.0,1.0,2.0480003356933594,1.0,1.0,1.0,1.0,1.0,2.5374858379364014,1.0,1.0,1.0,1.0,1.0,2.557525873184204,1.0,1.0,1.0,1.0,1.0,2.6130259037017822
65777704.0,0.0,1.0,1.0,1.0,0.0,24.93134880065918,0.0,1.0,1.0,1.0,0.0,34.56326174736023,0.0,1.0,1.0,1.0,0.0,57.93435215950012,0.0,1.0,1.0,1.0,0.0,97.07373476028442,0.0,1.0,1.0,1.0,0.0,178.63518381118774
65669308.0,1.0,1.0,1.0,1.0,1.0,0.06541275978088379,1.0,1.0,1.0,1.0,1.0,0.07058215141296387,1.0,1.0,1.0,1.0,1.0,0.07787203788757324,1.0,1.0,1.0,1.0,1.0,0.07529115676879883,1.0,1.0,1.0,1.0,1.0,0.07204532623291016
64413907.0,0.0,0.0,0.0,0.0,0.0,0.7447640895843506,0.0,0.0,0.0,0.0,0.0,0.7585973739624023,0.0,0.0,0.0,0.0,0.0,0.7704384326934814,0.0,0.0,0.0,0.0,0.0,0.7574028968811035,0.0,0.0,0.0,0.0,0.0,0.7490696907043457
64395424.0,0.0,0.0,0.0,0.0,0.0,0.058713674545288086,0.0,0.0,0.0,0.0,0.0,0.059148311614990234,0.0,0.0,0.0,0.0,0.0,0.0586395263671875,0.0,0.0,0.0,0.0,0.0,0.05942273139953613,0.0,0.0,0.0,0.0,0.0,0.05947470664978027
64387251.0,0.0,1.0,1.0,1.0,0.0,1.7286372184753418,0.0,1.0,1.0,1.0,0.0,3.223817825317383,0.0,1.0,1.0,1.0,0.0,7.803262233734131,0.0,1.0,1.0,1.0,0.0,15.342477798461914,0.0,1.0,1.0,1.0,0.0,31.170786142349243
64237179.0,0.0,1.0,1.0,1.0,0.0,63.1303813457489,0.0,1.0,1.0,1.0,0.0,70.18140912055969,0.0,1.0,1.0,1.0,0.0,78.07570815086365,0.0,1.0,1.0,1.0,0.0,98.13017129898071,0.0,1.0,1.0,1.0,0.0,119.68232846260071
63212385.0,0.0,1.0,0.0,1.0,0.0,2.142737627029419,0.0,1.0,0.0,1.0,0.0,2.3126165866851807,0.0,1.0,0.0,1.0,0.0,3.3160877227783203,0.0,1.0,0.0,1.0,0.0,4.728540420532227,0.0,1.0,0.0,1.0,0.0,7.646307945251465
62957334.0,1.0,0.0,0.0,0.0,1.0,0.4757699966430664,1.0,0.0,0.0,0.0,1.0,0.7159459590911865,1.0,0.0,0.0,0.0,1.0,1.0165703296661377,1.0,0.0,0.0,0.0,1.0,1.691049575805664,1.0,0.0,0.0,0.0,1.0,3.2005574703216553
62440336.0,1.0,1.0,1.0,1.0,1.0,1.2528502941131592,1.0,1.0,1.0,1.0,1.0,0.9926726818084717,1.0,1.0,1.0,1.0,1.0,1.9984428882598877,1.0,1.0,1.0,1.0,1.0,2.8097333908081055,1.0,1.0,1.0,1.0,1.0,3.3995819091796875
62313327.0,0.0,0.0,0.0,0.0,0.0,6.596459865570068,0.0,0.0,0.0,0.0,0.0,6.889121055603027,0.0,0.0,0.0,0.0,0.0,6.686984539031982,0.0,0.0,0.0,0.0,0.0,6.777303695678711,0.0,0.0,0.0,0.0,0.0,6.470765829086304
62068109.0,1.0,1.0,1.0,1.0,1.0,1.72395920753479,1.0,1.0,1.0,1.0,1.0,2.9346096515655518,1.0,1.0,1.0,1.0,1.0,6.231173038482666,1.0,1.0,1.0,1.0,1.0,11.951503038406372,1.0,1.0,1.0,1.0,1.0,23.67831301689148
62055783.0,1.0,1.0,1.0,1.0,1.0,2.610341787338257,1.0,1.0,1.0,1.0,1.0,4.195371150970459,1.0,1.0,1.0,1.0,1.0,8.883117914199829,1.0,1.0,1.0,1.0,1.0,16.669254064559937,1.0,1.0,1.0,1.0,1.0,33.30722260475159
61997645.0,1.0,1.0,1.0,1.0,1.0,0.6805570125579834,1.0,1.0,1.0,1.0,1.0,0.7780394554138184,1.0,1.0,1.0,1.0,1.0,0.7675352096557617,1.0,1.0,1.0,1.0,1.0,0.7761075496673584,1.0,1.0,1.0,1.0,1.0,0.7894613742828369
61886777.0,0.0,1.0,1.0,1.0,0.0,1.193451166152954,0.0,1.0,1.0,1.0,0.0,2.3025834560394287,0.0,1.0,1.0,1.0,0.0,5.571598052978516,0.0,1.0,1.0,1.0,0.0,10.209763526916504,0.0,1.0,1.0,1.0,0.0,19.862560272216797
61763616.0,0.0,1.0,1.0,1.0,0.0,1.404714822769165,1.0,1.0,1.0,1.0,1.0,2.477299451828003,0.0,1.0,1.0,1.0,0.0,5.147917747497559,0.0,1.0,1.0,1.0,0.0,8.856637716293335,0.0,1.0,1.0,1.0,0.0,15.30901050567627
61498304.0,0.0,1.0,1.0,1.0,0.0,1.8894884586334229,0.0,1.0,1.0,1.0,0.0,2.746643543243408,1.0,1.0,1.0,1.0,1.0,4.705862283706665,0.0,1.0,1.0,1.0,0.0,6.991735458374023,0.0,1.0,1.0,1.0,0.0,9.977609157562256
61274792.0,0.0,0.0,0.0,0.0,0.0,4.470641851425171,0.0,0.0,0.0,0.0,0.0,5.192565679550171,0.0,0.0,0.0,0.0,0.0,6.484026670455933,0.0,0.0,0.0,0.0,0.0,8.067082166671753,0.0,0.0,0.0,0.0,0.0,11.655954360961914
61234347.0,0.0,0.0,0.0,0.0,0.0,0.27349281311035156,0.0,0.0,0.0,0.0,0.0,0.4785456657409668,0.0,0.0,0.0,0.0,0.0,0.6421382427215576,0.0,0.0,0.0,0.0,0.0,0.8338627815246582,0.0,0.0,0.0,0.0,0.0,0.8445484638214111
60874661.0,1.0,1.0,1.0,0.0,0.0,82.10753917694092,1.0,0.0,1.0,1.0,0.0,148.0897672176361,1.0,0.0,1.0,0.0,0.0,314.620893239975,1.0,0.0,1.0,1.0,0.0,583.2908520698547,1.0,0.0,1.0,1.0,0.0,951.1794102191925
60831731.0,1.0,1.0,1.0,1.0,1.0,0.08109712600708008,1.0,1.0,1.0,1.0,1.0,0.08935284614562988,1.0,1.0,1.0,1.0,1.0,0.08317732810974121,1.0,1.0,1.0,1.0,1.0,0.08803629875183105,1.0,1.0,1.0,1.0,1.0,0.08068990707397461
60801900.0,0.0,0.0,0.0,0.0,0.0,0.9713916778564453,0.0,0.0,0.0,0.0,0.0,1.6786012649536133,0.0,0.0,0.0,0.0,0.0,3.8692820072174072,0.0,0.0,0.0,0.0,0.0,7.443406581878662,0.0,0.0,0.0,0.0,0.0,13.43004560470581
60766775.0,0.0,0.0,0.0,0.0,0.0,0.5090019702911377,0.0,0.0,0.0,0.0,0.0,0.48888540267944336,0.0,0.0,0.0,0.0,0.0,0.4931666851043701,0.0,0.0,0.0,0.0,0.0,0.4934353828430176,0.0,0.0,0.0,0.0,0.0,0.48792171478271484
60574843.0,1.0,1.0,1.0,1.0,1.0,11.220611810684204,1.0,1.0,0.0,1.0,1.0,21.60804843902588,1.0,1.0,0.0,1.0,1.0,36.90887093544006,1.0,1.0,0.0,1.0,1.0,36.1932430267334,1.0,1.0,0.0,1.0,1.0,36.28342127799988
60508218.0,0.0,1.0,0.0,1.0,1.0,0.3878333568572998,0.0,1.0,0.0,1.0,0.0,0.4605367183685303,0.0,1.0,0.0,1.0,1.0,0.6624236106872559,0.0,1.0,0.0,1.0,1.0,1.0550198554992676,0.0,1.0,0.0,1.0,1.0,1.7197225093841553
60355380.0,1.0,1.0,1.0,1.0,1.0,2.904329538345337,1.0,1.0,1.0,1.0,1.0,4.298009634017944,1.0,1.0,1.0,1.0,1.0,6.647861003875732,1.0,1.0,1.0,1.0,1.0,7.326117515563965,1.0,1.0,1.0,1.0,1.0,7.463395595550537
59758722.0,1.0,1.0,0.0,1.0,1.0,0.25369811058044434,1.0,1.0,0.0,1.0,1.0,0.2541515827178955,1.0,1.0,0.0,1.0,1.0,0.29369521141052246,1.0,1.0,0.0,1.0,1.0,0.2702639102935791,1.0,1.0,0.0,1.0,1.0,0.25784778594970703
59278771.0,1.0,1.0,1.0,1.0,1.0,0.058609962463378906,1.0,1.0,1.0,1.0,1.0,0.059591054916381836,1.0,1.0,1.0,1.0,1.0,0.060700416564941406,1.0,1.0,1.0,1.0,1.0,0.06093454360961914,1.0,1.0,1.0,1.0,1.0,0.06095695495605469
59078187.0,0.0,0.0,1.0,1.0,0.0,0.3134799003601074,1.0,1.0,1.0,1.0,1.0,0.3782021999359131,1.0,1.0,1.0,1.0,1.0,0.39230918884277344,1.0,1.0,1.0,1.0,1.0,0.38768768310546875,1.0,1.0,1.0,1.0,1.0,0.41031503677368164
58844149.0,1.0,1.0,1.0,1.0,1.0,11.373125076293945,1.0,1.0,1.0,1.0,1.0,12.401709794998169,1.0,1.0,1.0,1.0,1.0,15.962043285369873,1.0,1.0,1.0,1.0,1.0,18.231514930725098,1.0,1.0,1.0,1.0,1.0,25.040013074874878
58609115.0,1.0,1.0,1.0,1.0,1.0,0.5845165252685547,1.0,1.0,1.0,1.0,1.0,1.0890250205993652,1.0,1.0,1.0,1.0,1.0,2.5461935997009277,1.0,1.0,1.0,1.0,1.0,5.073683738708496,1.0,1.0,1.0,1.0,1.0,10.172029495239258
58572274.0,0.0,0.0,0.0,0.0,0.0,0.05035567283630371,0.0,0.0,0.0,0.0,0.0,0.057015180587768555,0.0,0.0,0.0,0.0,0.0,0.053223609924316406,0.0,0.0,0.0,0.0,0.0,0.0563511848449707,0.0,0.0,0.0,0.0,0.0,0.05490374565124512
58392266.0,0.0,1.0,1.0,1.0,0.0,1.3167579174041748,0.0,1.0,1.0,1.0,0.0,1.9033279418945312,0.0,1.0,1.0,1.0,0.0,3.7618234157562256,0.0,1.0,1.0,1.0,0.0,6.5852837562561035,0.0,1.0,1.0,1.0,0.0,12.213903903961182
58333926.0,1.0,0.0,0.0,0.0,1.0,44.75109100341797,1.0,0.0,0.0,0.0,1.0,87.0650064945221,1.0,0.0,0.0,0.0,1.0,208.08107209205627,1.0,0.0,0.0,0.0,1.0,385.0655930042267,1.0,0.0,0.0,0.0,1.0,630.6439111232758
58064701.0,1.0,1.0,1.0,1.0,1.0,0.07339024543762207,1.0,1.0,1.0,1.0,1.0,0.07340455055236816,1.0,1.0,1.0,1.0,1.0,0.07224845886230469,1.0,1.0,1.0,1.0,1.0,0.07373833656311035,1.0,1.0,1.0,1.0,1.0,0.07333183288574219
58055105.0,0.0,1.0,1.0,1.0,0.0,0.28861236572265625,0.0,1.0,1.0,1.0,0.0,0.29004907608032227,0.0,1.0,1.0,1.0,0.0,0.2928311824798584,0.0,1.0,1.0,1.0,0.0,0.29073119163513184,0.0,1.0,1.0,1.0,0.0,0.294262170791626
58051767.0,1.0,0.0,0.0,0.0,1.0,0.1484532356262207,1.0,0.0,0.0,0.0,1.0,0.14850902557373047,1.0,0.0,0.0,0.0,1.0,0.158616304397583,1.0,0.0,0.0,0.0,1.0,0.15086126327514648,1.0,0.0,0.0,0.0,1.0,0.14265203475952148
58043002.0,0.0,0.0,0.0,0.0,0.0,1.5092132091522217,1.0,0.0,0.0,0.0,1.0,1.7950341701507568,1.0,1.0,1.0,0.0,1.0,2.5551226139068604,1.0,1.0,1.0,0.0,1.0,2.5379486083984375,1.0,1.0,1.0,0.0,1.0,2.5002057552337646
57943425.0,0.0,1.0,1.0,1.0,0.0,0.6441960334777832,0.0,1.0,1.0,1.0,0.0,1.0891942977905273,0.0,1.0,1.0,1.0,0.0,2.4097678661346436,0.0,1.0,1.0,1.0,0.0,3.2132256031036377,0.0,1.0,1.0,1.0,0.0,4.356761455535889
57516678.0,0.0,0.0,0.0,0.0,0.0,31.753458499908447,0.0,0.0,0.0,0.0,0.0,36.56338977813721,0.0,0.0,0.0,0.0,0.0,50.045952558517456,0.0,0.0,0.0,0.0,0.0,60.27026605606079,0.0,0.0,0.0,0.0,0.0,81.42690086364746
57407973.0,0.0,1.0,1.0,1.0,1.0,1.149806022644043,1.0,1.0,1.0,1.0,1.0,2.030829906463623,0.0,1.0,1.0,1.0,0.0,2.5263431072235107,0.0,1.0,1.0,1.0,0.0,2.5337650775909424,0.0,1.0,1.0,1.0,0.0,2.595078945159912
57397440.0,0.0,1.0,0.0,1.0,0.0,0.8162086009979248,0.0,1.0,0.0,1.0,0.0,0.8186235427856445,0.0,1.0,0.0,1.0,0.0,0.8166215419769287,0.0,1.0,0.0,1.0,0.0,0.8252394199371338,0.0,1.0,0.0,1.0,0.0,0.8471839427947998
57326611.0,0.0,1.0,1.0,1.0,0.0,1.0609111785888672,0.0,1.0,1.0,1.0,0.0,1.0641882419586182,0.0,1.0,1.0,1.0,0.0,1.068234920501709,0.0,1.0,1.0,1.0,0.0,1.0706942081451416,0.0,1.0,1.0,1.0,0.0,1.091855764389038
56774954.0,1.0,0.0,1.0,0.0,1.0,0.6122486591339111,1.0,0.0,1.0,0.0,1.0,0.6127324104309082,1.0,0.0,1.0,0.0,1.0,0.6703979969024658,1.0,0.0,1.0,0.0,1.0,0.6097757816314697,1.0,0.0,1.0,0.0,1.0,0.612379789352417
56452176.0,0.0,0.0,0.0,0.0,0.0,0.07087850570678711,0.0,0.0,0.0,0.0,0.0,0.07364702224731445,0.0,0.0,0.0,0.0,0.0,0.08714652061462402,0.0,0.0,0.0,0.0,0.0,0.07962322235107422,0.0,0.0,0.0,0.0,0.0,0.07268071174621582
56218256.0,0.0,1.0,1.0,1.0,0.0,0.5655560493469238,0.0,1.0,1.0,1.0,0.0,0.8046863079071045,0.0,1.0,1.0,1.0,0.0,1.5144052505493164,0.0,1.0,1.0,1.0,0.0,2.6775612831115723,0.0,1.0,1.0,1.0,0.0,2.7526440620422363
55198221.0,0.0,1.0,1.0,1.0,0.0,0.5261309146881104,0.0,1.0,1.0,1.0,0.0,0.768359899520874,0.0,1.0,1.0,1.0,0.0,1.7671425342559814,0.0,1.0,1.0,1.0,0.0,3.3540618419647217,0.0,1.0,1.0,1.0,0.0,6.628885746002197
54811239.0,1.0,1.0,1.0,1.0,1.0,0.3793480396270752,1.0,1.0,1.0,1.0,1.0,0.38587164878845215,1.0,1.0,1.0,1.0,1.0,0.44569826126098633,1.0,1.0,1.0,1.0,1.0,0.3775298595428467,1.0,1.0,1.0,1.0,1.0,0.36987876892089844
54738769.0,1.0,1.0,1.0,1.0,1.0,0.19065093994140625,1.0,1.0,1.0,1.0,1.0,0.3483731746673584,1.0,1.0,1.0,1.0,1.0,0.25751280784606934,1.0,1.0,1.0,1.0,1.0,0.18985986709594727,1.0,1.0,1.0,1.0,1.0,0.18540644645690918
54282951.0,0.0,0.0,0.0,0.0,0.0,0.17922258377075195,0.0,0.0,0.0,0.0,0.0,0.21585440635681152,0.0,0.0,0.0,0.0,0.0,0.28484678268432617,0.0,0.0,0.0,0.0,0.0,0.42099452018737793,0.0,0.0,0.0,0.0,0.0,0.7552053928375244
54064299.0,1.0,1.0,1.0,1.0,1.0,2.4544880390167236,1.0,1.0,1.0,1.0,1.0,3.586695432662964,1.0,1.0,1.0,1.0,1.0,6.837063789367676,1.0,1.0,1.0,1.0,1.0,12.234673500061035,1.0,1.0,1.0,1.0,1.0,23.338219165802002
53749895.0,0.0,0.0,1.0,0.0,0.0,0.4131886959075928,0.0,0.0,1.0,0.0,0.0,0.4551565647125244,0.0,0.0,1.0,0.0,0.0,0.43024158477783203,0.0,0.0,1.0,0.0,0.0,0.526106595993042,0.0,0.0,1.0,0.0,0.0,0.4007580280303955
53700537.0,0.0,0.0,0.0,0.0,0.0,1.0955791473388672,0.0,0.0,0.0,0.0,0.0,2.0329439640045166,0.0,0.0,0.0,0.0,0.0,4.88842511177063,0.0,0.0,0.0,0.0,0.0,9.531096458435059,0.0,0.0,0.0,0.0,0.0,19.152076244354248
52983831.0,1.0,1.0,1.0,1.0,1.0,0.4323885440826416,1.0,1.0,1.0,1.0,1.0,0.46599388122558594,1.0,1.0,1.0,1.0,1.0,0.5333764553070068,1.0,1.0,1.0,1.0,1.0,0.5307073593139648,1.0,1.0,1.0,1.0,1.0,0.46207642555236816
52566823.0,1.0,0.0,0.0,0.0,1.0,0.12860965728759766,1.0,0.0,0.0,0.0,1.0,0.13453316688537598,1.0,0.0,0.0,0.0,1.0,0.13691115379333496,1.0,0.0,0.0,0.0,1.0,0.12703871726989746,1.0,0.0,0.0,0.0,1.0,0.12086725234985352
51930566.0,1.0,1.0,1.0,1.0,1.0,0.053774356842041016,1.0,1.0,1.0,1.0,1.0,0.05206298828125,1.0,1.0,1.0,1.0,1.0,0.05454707145690918,1.0,1.0,1.0,1.0,1.0,0.05595207214355469,1.0,1.0,1.0,1.0,1.0,0.05276179313659668
51901386.0,0.0,1.0,1.0,1.0,0.0,2.3163845539093018,0.0,1.0,1.0,1.0,0.0,2.6635429859161377,0.0,1.0,1.0,1.0,0.0,3.742525339126587,0.0,1.0,1.0,1.0,0.0,5.470039367675781,0.0,1.0,1.0,1.0,0.0,8.766024589538574
51749207.0,1.0,1.0,1.0,1.0,0.0,0.38498640060424805,1.0,1.0,1.0,1.0,0.0,0.6535170078277588,1.0,1.0,1.0,1.0,1.0,1.5174949169158936,1.0,1.0,1.0,1.0,1.0,2.864325523376465,1.0,1.0,1.0,1.0,1.0,5.687488079071045
51581521.0,0.0,1.0,1.0,1.0,0.0,5.66628885269165,0.0,1.0,1.0,1.0,0.0,6.5677900314331055,0.0,1.0,1.0,1.0,0.0,9.06140398979187,1.0,1.0,1.0,1.0,1.0,12.856458187103271,0.0,1.0,1.0,1.0,0.0,21.392000436782837
51185079.0,1.0,1.0,1.0,1.0,0.0,0.9405112266540527,1.0,1.0,1.0,1.0,0.0,1.6725471019744873,1.0,1.0,1.0,1.0,0.0,2.1879336833953857,1.0,1.0,1.0,1.0,0.0,2.209031820297241,1.0,1.0,1.0,1.0,0.0,2.257277250289917
50914860.0,1.0,1.0,1.0,1.0,1.0,2.009359121322632,0.0,1.0,1.0,1.0,0.0,2.81864070892334,0.0,1.0,1.0,1.0,0.0,4.959888458251953,0.0,1.0,1.0,1.0,0.0,8.649630308151245,0.0,1.0,1.0,1.0,0.0,16.261528491973877
50555434.0,1.0,1.0,0.0,1.0,1.0,0.22840499877929688,1.0,1.0,0.0,1.0,1.0,0.2331523895263672,1.0,1.0,0.0,1.0,1.0,0.2479701042175293,1.0,1.0,0.0,1.0,1.0,0.22815370559692383,1.0,1.0,0.0,1.0,1.0,0.226318359375
50338865.0,0.0,0.0,0.0,0.0,0.0,0.46241259574890137,0.0,0.0,0.0,0.0,0.0,0.4653456211090088,0.0,0.0,0.0,0.0,0.0,0.4779672622680664,0.0,0.0,0.0,0.0,0.0,0.45661449432373047,0.0,0.0,0.0,0.0,0.0,0.4634120464324951
50079585.0,0.0,1.0,0.0,0.0,1.0,1.8423805236816406,1.0,1.0,1.0,1.0,1.0,2.8111414909362793,1.0,0.0,1.0,1.0,1.0,5.632151126861572,1.0,0.0,1.0,1.0,1.0,10.34420108795166,1.0,0.0,1.0,1.0,1.0,20.30636191368103
49583466.0,0.0,1.0,1.0,0.0,1.0,3.5557668209075928,0.0,1.0,1.0,0.0,1.0,3.6039419174194336,0.0,1.0,1.0,0.0,1.0,3.785266160964966,0.0,1.0,1.0,0.0,1.0,3.564502000808716,0.0,1.0,1.0,0.0,1.0,3.5482754707336426
48976413.0,1.0,1.0,1.0,1.0,1.0,0.34785032272338867,1.0,1.0,1.0,1.0,1.0,0.3504354953765869,1.0,1.0,1.0,1.0,1.0,0.3479807376861572,1.0,1.0,1.0,1.0,1.0,0.3447916507720947,1.0,1.0,1.0,1.0,1.0,0.3389861583709717
48486598.0,0.0,0.0,0.0,0.0,0.0,0.09810543060302734,0.0,0.0,0.0,0.0,0.0,0.10362124443054199,0.0,0.0,0.0,0.0,0.0,0.10026168823242188,0.0,0.0,0.0,0.0,0.0,0.1024935245513916,0.0,0.0,0.0,0.0,0.0,0.09640145301818848
48385830.0,0.0,0.0,0.0,0.0,0.0,3.0617282390594482,0.0,0.0,0.0,0.0,0.0,3.060629367828369,0.0,0.0,0.0,0.0,0.0,3.0581889152526855,0.0,0.0,0.0,0.0,0.0,3.0497641563415527,0.0,0.0,0.0,0.0,0.0,3.164499282836914
48251943.0,1.0,1.0,1.0,1.0,1.0,0.06866168975830078,1.0,1.0,1.0,1.0,1.0,0.07233881950378418,1.0,1.0,1.0,1.0,1.0,0.06823945045471191,1.0,1.0,1.0,1.0,1.0,0.07025313377380371,1.0,1.0,1.0,1.0,1.0,0.06429076194763184
48221692.0,1.0,1.0,1.0,1.0,1.0,0.07548666000366211,1.0,1.0,1.0,1.0,1.0,0.07815885543823242,1.0,1.0,1.0,1.0,1.0,0.07440710067749023,1.0,1.0,1.0,1.0,1.0,0.07489252090454102,1.0,1.0,1.0,1.0,1.0,0.07472634315490723
47735201.0,0.0,0.0,0.0,0.0,0.0,99.92695879936218,0.0,0.0,0.0,0.0,0.0,191.4966115951538,0.0,0.0,0.0,0.0,0.0,454.87111043930054,0.0,0.0,0.0,0.0,0.0,867.5793719291687,0.0,0.0,0.0,0.0,0.0,1713.9732019901276
47704695.0,0.0,1.0,1.0,1.0,0.0,1.2526593208312988,0.0,1.0,1.0,1.0,0.0,2.1198391914367676,0.0,1.0,1.0,1.0,0.0,4.786013841629028,0.0,1.0,1.0,1.0,0.0,9.173840045928955,0.0,1.0,1.0,1.0,0.0,18.462730169296265
47352366.0,0.0,0.0,0.0,0.0,0.0,85.57283735275269,0.0,0.0,0.0,0.0,0.0,147.79560208320618,0.0,0.0,0.0,0.0,0.0,338.31353783607483,0.0,0.0,0.0,0.0,0.0,635.0932981967926,0.0,0.0,0.0,0.0,0.0,1021.197016954422
47241622.0,1.0,1.0,1.0,1.0,1.0,9.778018712997437,1.0,1.0,1.0,1.0,1.0,11.27615475654602,1.0,1.0,1.0,1.0,1.0,11.285788536071777,1.0,1.0,1.0,1.0,1.0,11.213021039962769,1.0,1.0,1.0,1.0,1.0,11.650992393493652
46995209.0,1.0,1.0,1.0,1.0,1.0,2.2550103664398193,1.0,1.0,1.0,1.0,1.0,2.2540383338928223,1.0,1.0,1.0,1.0,1.0,2.239377975463867,1.0,1.0,1.0,1.0,1.0,2.253347635269165,1.0,1.0,1.0,1.0,1.0,2.2556028366088867
46869312.0,0.0,0.0,0.0,0.0,0.0,26.380364418029785,0.0,0.0,0.0,0.0,0.0,26.577481269836426,0.0,0.0,0.0,0.0,0.0,26.25282096862793,0.0,0.0,0.0,0.0,0.0,26.003599405288696,0.0,0.0,0.0,0.0,0.0,26.629920482635498
46642627.0,0.0,0.0,0.0,0.0,0.0,10.877785444259644,0.0,0.0,0.0,0.0,0.0,10.79280710220337,0.0,0.0,0.0,0.0,0.0,10.765005350112915,0.0,0.0,0.0,0.0,0.0,10.794787645339966,0.0,0.0,0.0,0.0,0.0,10.749040603637695
46247619.0,0.0,0.0,0.0,0.0,0.0,22.31891179084778,0.0,0.0,0.0,0.0,0.0,43.499977350234985,0.0,0.0,0.0,0.0,0.0,98.11304211616516,0.0,0.0,0.0,0.0,0.0,183.62368845939636,0.0,0.0,0.0,0.0,0.0,296.55683946609497
45378493.0,0.0,1.0,1.0,1.0,0.0,0.577754020690918,0.0,1.0,1.0,1.0,0.0,0.7752540111541748,0.0,1.0,1.0,1.0,0.0,0.7691206932067871,0.0,1.0,1.0,1.0,0.0,0.7043671607971191,0.0,1.0,1.0,1.0,0.0,0.712247371673584
45337371.0,1.0,1.0,0.0,1.0,1.0,0.06262636184692383,1.0,1.0,0.0,1.0,1.0,0.06883049011230469,1.0,1.0,0.0,1.0,1.0,0.06583213806152344,1.0,1.0,0.0,1.0,1.0,0.06748533248901367,1.0,1.0,0.0,1.0,1.0,0.06675434112548828
44758894.0,0.0,1.0,0.0,1.0,0.0,0.14923930168151855,0.0,1.0,0.0,1.0,0.0,0.15354275703430176,0.0,1.0,0.0,1.0,0.0,0.15312719345092773,0.0,1.0,0.0,1.0,0.0,0.15173554420471191,0.0,1.0,0.0,1.0,0.0,0.15563297271728516
44755431.0,0.0,0.0,0.0,0.0,0.0,73.42416405677795,0.0,0.0,0.0,0.0,0.0,127.7848470211029,0.0,0.0,0.0,0.0,0.0,288.6426889896393,0.0,0.0,0.0,0.0,0.0,520.2980828285217,0.0,0.0,0.0,0.0,0.0,917.2883057594299
44066044.0,1.0,1.0,1.0,1.0,1.0,0.13081693649291992,1.0,1.0,1.0,1.0,1.0,0.129624605178833,1.0,1.0,1.0,1.0,1.0,0.12706232070922852,1.0,1.0,1.0,1.0,1.0,0.12964582443237305,1.0,1.0,1.0,1.0,1.0,0.13288116455078125
43055289.0,0.0,0.0,0.0,0.0,0.0,0.17690777778625488,0.0,0.0,0.0,0.0,0.0,0.2741103172302246,0.0,0.0,0.0,0.0,1.0,0.6199641227722168,0.0,0.0,0.0,0.0,0.0,1.0936555862426758,0.0,0.0,0.0,0.0,0.0,2.198702812194824
42800203.0,1.0,1.0,1.0,1.0,1.0,0.278425931930542,1.0,1.0,1.0,1.0,1.0,0.2989387512207031,1.0,1.0,1.0,1.0,1.0,0.326535701751709,1.0,1.0,1.0,1.0,1.0,0.29693102836608887,1.0,1.0,1.0,1.0,1.0,0.30557894706726074
42514960.0,1.0,1.0,1.0,1.0,1.0,0.1284165382385254,1.0,1.0,1.0,1.0,1.0,0.14124536514282227,1.0,1.0,1.0,1.0,1.0,0.1344900131225586,1.0,1.0,1.0,1.0,1.0,0.14424419403076172,1.0,1.0,1.0,1.0,1.0,0.14377307891845703
42472447.0,0.0,0.0,0.0,0.0,0.0,0.5618894100189209,0.0,0.0,0.0,0.0,0.0,0.6074986457824707,0.0,0.0,0.0,0.0,0.0,0.5988936424255371,0.0,0.0,0.0,0.0,0.0,0.6052470207214355,0.0,0.0,0.0,0.0,0.0,0.6181831359863281
41999686.0,0.0,1.0,1.0,1.0,0.0,1.9231047630310059,0.0,1.0,1.0,1.0,0.0,3.163766384124756,0.0,1.0,1.0,1.0,0.0,3.231532573699951,0.0,1.0,1.0,1.0,0.0,3.1303701400756836,0.0,1.0,1.0,1.0,0.0,3.2173497676849365
41823068.0,1.0,1.0,1.0,1.0,1.0,0.20600557327270508,1.0,1.0,1.0,1.0,1.0,0.35593581199645996,1.0,1.0,1.0,1.0,1.0,0.42954587936401367,1.0,1.0,1.0,1.0,1.0,0.4239194393157959,1.0,1.0,1.0,1.0,1.0,0.4355132579803467
41600519.0,0.0,0.0,0.0,0.0,0.0,1.4047214984893799,0.0,0.0,0.0,0.0,0.0,2.299774646759033,0.0,0.0,0.0,0.0,0.0,4.514903545379639,0.0,0.0,0.0,0.0,0.0,5.022500991821289,0.0,0.0,0.0,0.0,0.0,5.0317206382751465
41596619.0,1.0,1.0,1.0,1.0,1.0,0.04695773124694824,1.0,1.0,1.0,1.0,1.0,0.04943442344665527,1.0,1.0,1.0,1.0,1.0,0.04930472373962402,1.0,1.0,1.0,1.0,1.0,0.05251502990722656,1.0,1.0,1.0,1.0,1.0,0.04923415184020996
34673164.0,1.0,1.0,1.0,1.0,1.0,0.493349552154541,1.0,1.0,1.0,1.0,1.0,0.4980170726776123,1.0,1.0,1.0,1.0,1.0,0.49347543716430664,1.0,1.0,1.0,1.0,1.0,0.49772047996520996,1.0,1.0,1.0,1.0,1.0,0.5078010559082031
34311586.0,1.0,1.0,1.0,1.0,1.0,0.04955482482910156,1.0,1.0,1.0,1.0,1.0,0.05224776268005371,1.0,1.0,1.0,1.0,1.0,0.05493426322937012,1.0,1.0,1.0,1.0,1.0,0.055364131927490234,1.0,1.0,1.0,1.0,1.0,0.05218768119812012
33969059.0,1.0,1.0,1.0,1.0,1.0,2.11495041847229,1.0,1.0,1.0,1.0,1.0,2.0845787525177,1.0,1.0,1.0,1.0,1.0,1.9099013805389404,1.0,1.0,1.0,1.0,1.0,1.944941520690918,1.0,1.0,1.0,1.0,1.0,1.9946835041046143
31880720.0,1.0,1.0,0.0,1.0,1.0,0.6544952392578125,1.0,1.0,0.0,1.0,1.0,0.7686412334442139,1.0,1.0,0.0,1.0,1.0,0.7679281234741211,1.0,1.0,0.0,1.0,1.0,0.7640817165374756,1.0,1.0,0.0,1.0,1.0,0.8720746040344238
31627380.0,1.0,1.0,1.0,1.0,1.0,0.21642184257507324,1.0,1.0,1.0,1.0,1.0,0.21869158744812012,1.0,1.0,1.0,1.0,1.0,0.22134160995483398,1.0,1.0,1.0,1.0,1.0,0.2196061611175537,1.0,1.0,1.0,1.0,1.0,0.22718405723571777
78061528.0,1.0,1.0,1.0,1.0,1.0,0.15329551696777344,1.0,1.0,1.0,1.0,1.0,0.25582313537597656,0.0,1.0,1.0,1.0,0.0,0.30579066276550293,0.0,1.0,1.0,1.0,0.0,0.2962949275970459,0.0,1.0,1.0,1.0,0.0,0.3006784915924072
73997809.0,1.0,1.0,0.0,0.0,1.0,0.09854578971862793,1.0,0.0,0.0,0.0,1.0,0.11135220527648926,1.0,0.0,0.0,0.0,1.0,0.11468052864074707,1.0,0.0,0.0,0.0,1.0,0.11482620239257812,1.0,0.0,0.0,0.0,1.0,0.11371803283691406
72336254.0,1.0,0.0,0.0,0.0,1.0,0.23383498191833496,1.0,0.0,0.0,0.0,1.0,0.23576807975769043,1.0,0.0,0.0,0.0,1.0,0.2520577907562256,1.0,0.0,0.0,0.0,1.0,0.24109864234924316,1.0,0.0,0.0,0.0,1.0,0.23804521560668945
67730059.0,1.0,0.0,0.0,0.0,1.0,0.4005563259124756,1.0,0.0,0.0,0.0,1.0,0.4163694381713867,1.0,0.0,0.0,0.0,1.0,0.4205005168914795,1.0,0.0,0.0,0.0,1.0,0.4034566879272461,1.0,0.0,0.0,0.0,1.0,0.4073967933654785
55536102.0,1.0,1.0,0.0,1.0,1.0,1.1401562690734863,1.0,1.0,0.0,1.0,1.0,1.0448298454284668,1.0,1.0,0.0,1.0,1.0,1.0297954082489014,1.0,1.0,0.0,1.0,1.0,1.0131754875183105,1.0,1.0,0.0,1.0,1.0,1.0088801383972168
26.0,0.0,0.0,0.0,0.0,0.0,59.888084173202515,0.0,0.0,0.0,0.0,0.0,110.28705954551697,0.0,0.0,0.0,0.0,0.0,247.52524256706238,0.0,0.0,0.0,0.0,0.0,401.02480149269104,0.0,0.0,0.0,0.0,0.0,612.1021456718445
46.0,0.0,0.0,0.0,0.0,0.0,0.060709238052368164,0.0,0.0,0.0,0.0,0.0,0.05828595161437988,0.0,0.0,0.0,0.0,0.0,0.06139993667602539,0.0,0.0,0.0,0.0,0.0,0.06587100028991699,0.0,0.0,0.0,0.0,0.0,0.06323575973510742
41.0,0.0,0.0,0.0,0.0,0.0,60.01659655570984,0.0,0.0,0.0,0.0,0.0,102.79322099685669,0.0,0.0,0.0,0.0,0.0,223.26616668701172,0.0,0.0,0.0,0.0,0.0,424.1101334095001,0.0,0.0,0.0,0.0,0.0,823.401834487915
63.0,0.0,0.0,0.0,0.0,0.0,59.88411831855774,0.0,1.0,0.0,1.0,0.0,89.4963116645813,0.0,1.0,0.0,0.0,0.0,164.28805875778198,0.0,1.0,0.0,1.0,0.0,251.57847547531128,0.0,1.0,0.0,1.0,0.0,350.2211663722992
48.0,0.0,0.0,0.0,0.0,0.0,129.32416462898254,0.0,0.0,0.0,0.0,0.0,252.45990586280823,0.0,0.0,0.0,0.0,0.0,612.5068008899689,0.0,0.0,0.0,0.0,0.0,1139.5864787101746,0.0,0.0,0.0,0.0,0.0,2191.842381477356
69144854.0,0.0,0.0,0.0,0.0,0.0,4.88801383972168,0.0,0.0,0.0,0.0,0.0,4.952641248703003,0.0,0.0,0.0,0.0,0.0,5.022697687149048,0.0,0.0,0.0,0.0,0.0,4.896308898925781,0.0,0.0,0.0,0.0,0.0,4.915755987167358
68087196.0,0.0,0.0,0.0,0.0,0.0,19.834852933883667,0.0,0.0,0.0,0.0,0.0,31.896268129348755,0.0,0.0,0.0,0.0,0.0,68.78671979904175,0.0,0.0,0.0,0.0,0.0,123.68038082122803,0.0,0.0,0.0,0.0,0.0,243.35278344154358
67396593.0,0.0,1.0,1.0,1.0,0.0,0.1132504940032959,0.0,1.0,1.0,1.0,0.0,0.11840510368347168,0.0,1.0,1.0,1.0,0.0,0.12738776206970215,0.0,1.0,1.0,1.0,0.0,0.12073922157287598,0.0,1.0,1.0,1.0,0.0,0.17382478713989258
66288253.0,1.0,1.0,1.0,1.0,1.0,28.746297359466553,1.0,1.0,1.0,1.0,1.0,51.39971661567688,0.0,1.0,1.0,1.0,1.0,114.41134643554688,0.0,1.0,1.0,1.0,1.0,207.5943567752838,0.0,1.0,1.0,1.0,1.0,372.56423830986023
65599903.0,1.0,1.0,1.0,1.0,1.0,0.1776425838470459,1.0,1.0,1.0,1.0,1.0,0.1852879524230957,1.0,1.0,1.0,1.0,1.0,0.20249271392822266,1.0,1.0,1.0,1.0,1.0,0.1837782859802246,1.0,1.0,1.0,1.0,1.0,0.19344854354858398
65208382.0,1.0,1.0,1.0,1.0,1.0,0.06067705154418945,1.0,1.0,1.0,1.0,1.0,0.06329870223999023,1.0,1.0,1.0,1.0,1.0,0.07573986053466797,1.0,1.0,1.0,1.0,1.0,0.06497716903686523,1.0,1.0,1.0,1.0,1.0,0.0670921802520752
64446561.0,0.0,0.0,0.0,0.0,0.0,0.057332754135131836,0.0,0.0,0.0,0.0,0.0,0.06144285202026367,0.0,0.0,0.0,0.0,0.0,0.06943106651306152,0.0,0.0,0.0,0.0,0.0,0.06566572189331055,0.0,0.0,0.0,0.0,0.0,0.06483817100524902
64188884.0,0.0,0.0,0.0,0.0,0.0,7.420591354370117,1.0,0.0,0.0,0.0,1.0,12.46114182472229,0.0,0.0,0.0,0.0,0.0,28.14560627937317,1.0,0.0,0.0,0.0,1.0,54.657097578048706,1.0,0.0,0.0,0.0,1.0,104.32105588912964
64151679.0,1.0,1.0,1.0,1.0,1.0,0.7967422008514404,1.0,1.0,1.0,1.0,1.0,0.8703348636627197,1.0,1.0,1.0,1.0,1.0,1.0506062507629395,1.0,1.0,1.0,1.0,1.0,0.9804518222808838,1.0,1.0,1.0,1.0,1.0,0.9792318344116211
63532837.0,0.0,1.0,1.0,1.0,0.0,303.3710787296295,0.0,1.0,1.0,1.0,0.0,325.82216930389404,0.0,1.0,1.0,1.0,0.0,328.1353325843811,0.0,1.0,1.0,1.0,0.0,325.6683237552643,0.0,1.0,1.0,1.0,0.0,322.8902244567871
63242449.0,0.0,0.0,0.0,0.0,0.0,0.333446741104126,0.0,0.0,0.0,0.0,0.0,0.3330206871032715,0.0,0.0,0.0,0.0,0.0,0.3335106372833252,0.0,0.0,0.0,0.0,0.0,0.3558058738708496,0.0,0.0,0.0,0.0,0.0,0.5609664916992188
61294801.0,1.0,1.0,1.0,1.0,1.0,0.21871399879455566,1.0,1.0,1.0,1.0,1.0,0.22083210945129395,1.0,1.0,1.0,1.0,1.0,0.22343063354492188,1.0,1.0,1.0,1.0,1.0,0.2256615161895752,1.0,1.0,1.0,1.0,1.0,0.22347521781921387
60267894.0,1.0,1.0,1.0,1.0,1.0,0.16507649421691895,1.0,1.0,1.0,1.0,1.0,0.23116183280944824,1.0,1.0,1.0,1.0,1.0,0.38391637802124023,1.0,1.0,1.0,1.0,1.0,0.3925902843475342,1.0,1.0,1.0,1.0,1.0,0.4083707332611084
59837926.0,1.0,0.0,0.0,0.0,1.0,0.12713146209716797,1.0,0.0,0.0,0.0,1.0,0.12314605712890625,1.0,0.0,0.0,0.0,1.0,0.1248164176940918,1.0,0.0,0.0,0.0,1.0,0.13052916526794434,1.0,0.0,0.0,0.0,1.0,0.13116002082824707
59740444.0,0.0,1.0,0.0,1.0,0.0,12.771663427352905,0.0,1.0,0.0,1.0,0.0,21.472718715667725,0.0,1.0,0.0,1.0,0.0,46.65393590927124,0.0,1.0,0.0,1.0,0.0,82.49615216255188,0.0,1.0,0.0,1.0,0.0,146.3085949420929
59138513.0,0.0,1.0,1.0,1.0,0.0,0.19528627395629883,0.0,1.0,1.0,1.0,0.0,0.20011544227600098,0.0,1.0,1.0,1.0,0.0,0.20079255104064941,0.0,1.0,1.0,1.0,0.0,0.2010364532470703,0.0,1.0,1.0,1.0,0.0,0.21265149116516113
58847723.0,1.0,1.0,1.0,1.0,1.0,0.10518169403076172,1.0,1.0,1.0,1.0,1.0,0.10687589645385742,1.0,1.0,1.0,1.0,1.0,0.10480022430419922,1.0,1.0,1.0,1.0,1.0,0.10983967781066895,1.0,1.0,1.0,1.0,1.0,0.10902523994445801
58508286.0,0.0,1.0,1.0,1.0,0.0,0.27109551429748535,0.0,1.0,1.0,1.0,0.0,0.36185741424560547,0.0,1.0,1.0,1.0,0.0,0.6360476016998291,0.0,1.0,1.0,1.0,0.0,0.6336853504180908,0.0,1.0,1.0,1.0,0.0,0.6469886302947998
58083502.0,0.0,0.0,0.0,0.0,0.0,1.5448830127716064,0.0,0.0,0.0,0.0,0.0,1.770531177520752,0.0,0.0,0.0,0.0,0.0,2.4356253147125244,0.0,0.0,0.0,0.0,0.0,3.277486801147461,0.0,0.0,0.0,0.0,0.0,5.091515064239502
56545687.0,0.0,1.0,0.0,1.0,0.0,10.676748037338257,0.0,1.0,0.0,1.0,0.0,20.99637460708618,0.0,1.0,0.0,1.0,0.0,51.70009231567383,0.0,1.0,0.0,1.0,0.0,92.35756826400757,0.0,1.0,0.0,1.0,0.0,149.67469787597656
54231049.0,0.0,1.0,1.0,1.0,0.0,0.2711968421936035,0.0,1.0,1.0,1.0,0.0,0.28287339210510254,0.0,1.0,1.0,1.0,0.0,0.27994561195373535,0.0,1.0,1.0,1.0,0.0,0.28562140464782715,0.0,1.0,1.0,1.0,0.0,0.2810039520263672
53876097.0,1.0,1.0,1.0,1.0,1.0,0.11754751205444336,1.0,1.0,1.0,1.0,1.0,0.12285995483398438,1.0,1.0,1.0,1.0,1.0,0.12067341804504395,1.0,1.0,1.0,1.0,1.0,0.13069581985473633,1.0,1.0,1.0,1.0,1.0,0.12303471565246582
53374114.0,0.0,0.0,0.0,0.0,0.0,3.99853515625,0.0,0.0,0.0,0.0,0.0,4.094175100326538,0.0,0.0,0.0,0.0,0.0,4.070813179016113,0.0,0.0,0.0,0.0,0.0,4.101144075393677,0.0,0.0,0.0,0.0,0.0,3.986177444458008
53177605.0,0.0,0.0,0.0,1.0,0.0,1.127450704574585,0.0,0.0,0.0,1.0,0.0,1.138667106628418,0.0,0.0,0.0,1.0,0.0,1.1324892044067383,0.0,0.0,0.0,1.0,0.0,1.3144376277923584,0.0,0.0,0.0,1.0,0.0,1.1562466621398926
52929868.0,1.0,1.0,1.0,1.0,1.0,0.14900684356689453,1.0,1.0,1.0,1.0,1.0,0.2279345989227295,1.0,1.0,1.0,1.0,1.0,0.447751522064209,1.0,1.0,1.0,1.0,1.0,0.9182419776916504,1.0,1.0,1.0,1.0,1.0,1.623288869857788
52445293.0,0.0,1.0,0.0,0.0,0.0,0.11253499984741211,0.0,1.0,0.0,0.0,0.0,0.12111687660217285,0.0,1.0,0.0,0.0,0.0,0.12085223197937012,0.0,1.0,0.0,0.0,0.0,0.12288713455200195,0.0,1.0,0.0,0.0,0.0,0.12040972709655762
51931932.0,1.0,1.0,1.0,1.0,1.0,2.6110334396362305,1.0,1.0,1.0,1.0,1.0,3.810051441192627,1.0,1.0,1.0,1.0,1.0,7.761296510696411,1.0,1.0,1.0,1.0,1.0,11.71314525604248,1.0,1.0,1.0,1.0,1.0,11.370823860168457
51312608.0,1.0,1.0,1.0,1.0,1.0,0.056648969650268555,1.0,1.0,1.0,1.0,1.0,0.05675172805786133,1.0,1.0,1.0,1.0,1.0,0.05690503120422363,1.0,1.0,1.0,1.0,1.0,0.05927109718322754,1.0,1.0,1.0,1.0,1.0,0.05942678451538086
43476631.0,0.0,0.0,0.0,0.0,0.0,46.44257473945618,0.0,0.0,0.0,0.0,0.0,49.95230674743652,0.0,0.0,0.0,0.0,0.0,51.44064927101135,0.0,0.0,0.0,0.0,0.0,48.14846110343933,0.0,0.0,0.0,0.0,0.0,50.55169081687927
42293600.0,1.0,1.0,1.0,1.0,1.0,0.34657883644104004,1.0,1.0,1.0,1.0,1.0,0.42015886306762695,1.0,1.0,1.0,1.0,1.0,0.35538673400878906,1.0,1.0,1.0,1.0,1.0,0.3793504238128662,1.0,1.0,1.0,1.0,1.0,0.4147520065307617
,72.0,101.0,87.0,98.0,73.0,12.449118181785442,77.0,101.0,88.0,101.0,75.0,20.055763730351227,73.0,101.0,89.0,99.0,75.0,38.04227324450238,74.0,101.0,89.0,101.0,75.0,66.475890127028,73.0,101.0,89.0,101.0,74.0,121.11926169128891
