id,0.1_500_11_tarantula,0.1_500_11_ochiai,0.1_500_11_D_star,0.1_500_11_Op2,0.1_500_11_Barinel,0.1_500_11_time,0.3_500_11_tarantula,0.3_500_11_ochiai,0.3_500_11_D_star,0.3_500_11_Op2,0.3_500_11_Barinel,0.3_500_11_time,0.5_500_11_tarantula,0.5_500_11_ochiai,0.5_500_11_D_star,0.5_500_11_Op2,0.5_500_11_Barinel,0.5_500_11_time,0.7_500_11_tarantula,0.7_500_11_ochiai,0.7_500_11_D_star,0.7_500_11_Op2,0.7_500_11_Barinel,0.7_500_11_time,0.9_500_11_tarantula,0.9_500_11_ochiai,0.9_500_11_D_star,0.9_500_11_Op2,0.9_500_11_Barinel,0.9_500_11_time,0.1_100_11_tarantula,0.1_100_11_ochiai,0.1_100_11_D_star,0.1_100_11_Op2,0.1_100_11_Barinel,0.1_100_11_time,0.1_200_11_tarantula,0.1_200_11_ochiai,0.1_200_11_D_star,0.1_200_11_Op2,0.1_200_11_Barinel,0.1_200_11_time,0.1_1000_11_tarantula,0.1_1000_11_ochiai,0.1_1000_11_D_star,0.1_1000_11_Op2,0.1_1000_11_Barinel,0.1_1000_11_time,0.1_2000_11_tarantula,0.1_2000_11_ochiai,0.1_2000_11_D_star,0.1_2000_11_Op2,0.1_2000_11_Barinel,0.1_2000_11_time
74669249.0,1.0,1.0,1.0,1.0,1.0,17.488492012023926,1.0,1.0,1.0,1.0,1.0,17.405144691467285,1.0,1.0,1.0,1.0,1.0,17.293129205703735,1.0,1.0,1.0,1.0,1.0,17.15995955467224,1.0,1.0,1.0,1.0,1.0,17.695522785186768,1.0,1.0,1.0,1.0,1.0,6.9025561809539795,1.0,1.0,1.0,1.0,1.0,9.365715980529785,1.0,1.0,1.0,1.0,1.0,32.45907640457153,1.0,1.0,1.0,1.0,1.0,60.44911789894104
74200607.0,0.0,0.0,0.0,0.0,0.0,11.314169645309448,0.0,0.0,0.0,0.0,0.0,10.142338037490845,0.0,0.0,0.0,0.0,0.0,10.810534238815308,0.0,0.0,0.0,0.0,0.0,10.386625289916992,0.0,0.0,0.0,0.0,0.0,9.86561894416809,0.0,0.0,0.0,0.0,0.0,12.085232496261597,0.0,0.0,0.0,0.0,0.0,12.500595331192017,0.0,0.0,0.0,0.0,0.0,12.474511623382568,0.0,0.0,0.0,0.0,0.0,12.980677843093872
73567385.0,0.0,0.0,0.0,0.0,0.0,1612.2882606983185,0.0,0.0,0.0,0.0,0.0,2133.861356496811,0.0,0.0,0.0,0.0,0.0,1974.4984874725342,0.0,0.0,0.0,0.0,0.0,1620.4743056297302,0.0,0.0,0.0,0.0,0.0,1395.498527288437,0.0,0.0,0.0,0.0,0.0,547.6893203258514,0.0,0.0,0.0,0.0,0.0,1326.4393775463104,0.0,0.0,0.0,0.0,0.0,2657.8289749622345,0.0,0.0,0.0,0.0,0.0,5555.580005168915
73308371.0,0.0,1.0,1.0,1.0,1.0,0.1094810962677002,1.0,1.0,1.0,1.0,1.0,0.1087636947631836,1.0,1.0,1.0,1.0,1.0,0.11160898208618164,1.0,1.0,1.0,1.0,1.0,0.10600948333740234,1.0,1.0,1.0,1.0,1.0,0.11515974998474121,0.0,1.0,1.0,1.0,1.0,0.09735989570617676,0.0,1.0,1.0,1.0,1.0,0.11057448387145996,0.0,1.0,1.0,1.0,1.0,0.11592841148376465,0.0,1.0,1.0,1.0,1.0,0.1147153377532959
73275569.0,0.0,0.0,0.0,0.0,0.0,10.286783218383789,0.0,0.0,0.0,0.0,0.0,10.041746139526367,0.0,0.0,0.0,0.0,0.0,9.831265449523926,0.0,0.0,0.0,0.0,0.0,9.793350219726562,0.0,0.0,0.0,0.0,0.0,9.746758699417114,0.0,0.0,0.0,0.0,0.0,3.4517626762390137,0.0,0.0,0.0,0.0,0.0,5.358616828918457,0.0,0.0,0.0,0.0,0.0,18.71780514717102,0.0,0.0,0.0,0.0,0.0,33.82900619506836
72965428.0,0.0,0.0,0.0,0.0,0.0,170.70387649536133,0.0,0.0,0.0,0.0,0.0,172.58547639846802,0.0,0.0,0.0,0.0,0.0,172.47404742240906,0.0,0.0,0.0,0.0,0.0,173.2235622406006,0.0,0.0,0.0,0.0,0.0,173.2047836780548,0.0,0.0,0.0,0.0,0.0,37.66662526130676,0.0,0.0,0.0,0.0,0.0,70.7753324508667,0.0,0.0,0.0,0.0,0.0,339.3440477848053,0.0,0.0,0.0,0.0,0.0,674.5798559188843
72802464.0,0.0,0.0,0.0,0.0,0.0,89.95832562446594,0.0,0.0,0.0,0.0,0.0,90.23572063446045,0.0,0.0,0.0,0.0,0.0,89.80716156959534,0.0,0.0,0.0,0.0,0.0,89.67244839668274,0.0,0.0,0.0,0.0,0.0,89.80635643005371,0.0,0.0,0.0,0.0,0.0,21.680570363998413,0.0,0.0,0.0,0.0,0.0,42.34815168380737,0.0,0.0,0.0,0.0,0.0,125.00045156478882,0.0,0.0,0.0,0.0,0.0,194.1877052783966
72744278.0,0.0,0.0,0.0,0.0,0.0,1.6495745182037354,0.0,0.0,0.0,0.0,0.0,1.64955735206604,0.0,0.0,0.0,0.0,0.0,1.7186989784240723,0.0,0.0,0.0,0.0,0.0,1.6524481773376465,0.0,0.0,0.0,0.0,0.0,1.7189481258392334,0.0,0.0,0.0,0.0,0.0,0.4236409664154053,0.0,0.0,0.0,0.0,0.0,0.7344911098480225,0.0,0.0,0.0,0.0,0.0,3.269486904144287,0.0,0.0,0.0,0.0,0.0,6.406755208969116
72676542.0,1.0,1.0,1.0,1.0,1.0,5.548159122467041,1.0,1.0,1.0,1.0,1.0,5.52141547203064,1.0,1.0,1.0,1.0,1.0,5.438585996627808,1.0,1.0,1.0,1.0,1.0,5.477849006652832,1.0,1.0,0.0,1.0,1.0,5.350224018096924,1.0,1.0,1.0,1.0,1.0,1.3614349365234375,1.0,1.0,1.0,1.0,1.0,2.4739415645599365,1.0,1.0,1.0,1.0,1.0,10.776482582092285,1.0,1.0,1.0,1.0,1.0,21.448737859725952
71715697.0,0.0,0.0,0.0,0.0,0.0,15.117960691452026,0.0,0.0,0.0,0.0,0.0,15.072375774383545,0.0,0.0,0.0,0.0,0.0,15.132788181304932,0.0,0.0,0.0,0.0,0.0,15.049699783325195,0.0,0.0,0.0,0.0,0.0,15.008059740066528,0.0,0.0,0.0,0.0,0.0,4.208465099334717,0.0,0.0,0.0,0.0,0.0,7.116267919540405,0.0,0.0,0.0,0.0,0.0,26.717982292175293,0.0,0.0,0.0,0.0,0.0,46.34023141860962
70650848.0,1.0,1.0,1.0,1.0,1.0,0.09853959083557129,1.0,1.0,1.0,1.0,1.0,0.09772348403930664,0.0,0.0,0.0,0.0,0.0,0.09816598892211914,0.0,0.0,0.0,0.0,0.0,0.09756779670715332,0.0,0.0,0.0,0.0,0.0,0.09752225875854492,1.0,1.0,1.0,1.0,1.0,0.09779977798461914,1.0,1.0,1.0,1.0,1.0,0.1006622314453125,1.0,1.0,1.0,1.0,1.0,0.09789419174194336,1.0,1.0,1.0,1.0,1.0,0.10030674934387207
70589997.0,1.0,1.0,1.0,1.0,1.0,1.3582696914672852,1.0,1.0,1.0,1.0,1.0,1.3540725708007812,1.0,1.0,1.0,1.0,1.0,1.379868984222412,1.0,1.0,1.0,1.0,1.0,1.362323522567749,1.0,1.0,1.0,1.0,1.0,1.286616325378418,1.0,1.0,1.0,1.0,1.0,0.4920961856842041,1.0,1.0,1.0,1.0,1.0,0.7146422863006592,1.0,1.0,1.0,1.0,1.0,2.4703710079193115,1.0,1.0,1.0,1.0,1.0,4.812821626663208
70148149.0,1.0,1.0,0.0,1.0,1.0,0.7527432441711426,1.0,1.0,0.0,1.0,1.0,0.7440032958984375,1.0,1.0,0.0,1.0,1.0,0.6767244338989258,1.0,1.0,0.0,1.0,1.0,0.7538366317749023,1.0,1.0,1.0,1.0,1.0,0.7511398792266846,1.0,1.0,0.0,1.0,1.0,0.3360598087310791,1.0,1.0,0.0,1.0,1.0,0.4232351779937744,1.0,1.0,0.0,1.0,1.0,1.1540651321411133,1.0,1.0,1.0,1.0,1.0,1.9587671756744385
69901379.0,0.0,0.0,0.0,0.0,0.0,0.15336155891418457,0.0,0.0,0.0,0.0,0.0,0.1661217212677002,0.0,0.0,0.0,0.0,0.0,0.1426854133605957,0.0,0.0,0.0,0.0,0.0,0.14786386489868164,0.0,0.0,0.0,0.0,0.0,0.15301251411437988,0.0,0.0,0.0,0.0,0.0,0.14261817932128906,0.0,0.0,0.0,0.0,0.0,0.1461656093597412,0.0,0.0,0.0,0.0,0.0,0.1448216438293457,0.0,0.0,0.0,0.0,0.0,0.14993786811828613
69787272.0,0.0,0.0,0.0,0.0,0.0,0.1408536434173584,0.0,0.0,0.0,0.0,0.0,0.14188432693481445,0.0,0.0,0.0,0.0,0.0,0.13851356506347656,0.0,0.0,0.0,0.0,0.0,0.1433408260345459,0.0,0.0,0.0,0.0,0.0,0.14003443717956543,0.0,0.0,0.0,0.0,0.0,0.13955163955688477,0.0,0.0,0.0,0.0,0.0,0.13924145698547363,0.0,0.0,0.0,0.0,0.0,0.13744616508483887,0.0,0.0,0.0,0.0,0.0,0.1388382911682129
68938619.0,1.0,1.0,1.0,0.0,1.0,0.2178189754486084,1.0,1.0,1.0,1.0,1.0,0.21965646743774414,1.0,1.0,1.0,1.0,1.0,0.22430181503295898,1.0,1.0,1.0,1.0,1.0,0.21589398384094238,1.0,1.0,1.0,1.0,1.0,0.22034239768981934,1.0,1.0,1.0,0.0,1.0,0.2237224578857422,1.0,1.0,1.0,0.0,1.0,0.22266578674316406,1.0,1.0,1.0,0.0,1.0,0.22628378868103027,1.0,1.0,1.0,0.0,1.0,0.2304222583770752
68751439.0,0.0,1.0,0.0,1.0,0.0,0.1368551254272461,0.0,1.0,1.0,1.0,0.0,0.13524198532104492,0.0,1.0,1.0,1.0,0.0,0.1356046199798584,0.0,1.0,1.0,1.0,0.0,0.13442778587341309,0.0,1.0,1.0,1.0,0.0,0.136030912399292,0.0,1.0,0.0,1.0,0.0,0.1358940601348877,0.0,1.0,0.0,1.0,0.0,0.13823437690734863,0.0,1.0,0.0,1.0,0.0,0.13756704330444336,0.0,1.0,0.0,1.0,0.0,0.20757484436035156
68458462.0,1.0,1.0,1.0,1.0,1.0,0.08565950393676758,1.0,1.0,1.0,1.0,1.0,0.08633708953857422,1.0,1.0,1.0,1.0,1.0,0.07465219497680664,1.0,1.0,1.0,1.0,1.0,0.07976651191711426,1.0,1.0,1.0,1.0,1.0,0.08019781112670898,1.0,1.0,1.0,1.0,1.0,0.07298898696899414,1.0,1.0,1.0,1.0,1.0,0.07429385185241699,1.0,1.0,1.0,1.0,1.0,0.07324457168579102,1.0,1.0,1.0,1.0,1.0,0.08020663261413574
68321264.0,0.0,1.0,1.0,1.0,0.0,100.52974438667297,0.0,1.0,1.0,1.0,0.0,100.45117163658142,0.0,1.0,1.0,1.0,0.0,101.48298215866089,0.0,1.0,1.0,1.0,0.0,100.18024969100952,0.0,1.0,1.0,1.0,0.0,100.43971967697144,0.0,1.0,1.0,1.0,0.0,28.266149282455444,0.0,1.0,1.0,1.0,0.0,52.15788149833679,0.0,1.0,1.0,1.0,0.0,174.41923451423645,0.0,1.0,1.0,1.0,0.0,272.3184127807617
68101077.0,0.0,0.0,0.0,0.0,0.0,47.9535710811615,0.0,0.0,0.0,0.0,0.0,47.66885256767273,0.0,0.0,0.0,0.0,0.0,46.96726894378662,0.0,0.0,0.0,0.0,0.0,45.67839527130127,0.0,0.0,0.0,0.0,0.0,44.500449419021606,0.0,0.0,0.0,0.0,0.0,15.672942876815796,0.0,0.0,0.0,0.0,0.0,25.13930630683899,0.0,0.0,0.0,0.0,0.0,69.64973592758179,0.0,0.0,0.0,0.0,0.0,69.45193314552307
67529687.0,1.0,1.0,1.0,1.0,1.0,4.35465669631958,1.0,1.0,1.0,1.0,1.0,4.278912782669067,0.0,1.0,1.0,1.0,0.0,4.277520179748535,0.0,0.0,0.0,0.0,0.0,4.278530120849609,0.0,0.0,0.0,0.0,0.0,4.298766851425171,1.0,1.0,1.0,1.0,1.0,1.8581433296203613,1.0,1.0,1.0,1.0,1.0,2.4545483589172363,1.0,1.0,1.0,1.0,1.0,7.263332366943359,1.0,1.0,1.0,1.0,1.0,13.222521305084229
66840108.0,1.0,1.0,1.0,1.0,1.0,0.3334376811981201,1.0,1.0,1.0,1.0,1.0,0.2908051013946533,1.0,1.0,1.0,1.0,1.0,0.2792203426361084,1.0,1.0,1.0,1.0,1.0,0.2964158058166504,1.0,1.0,1.0,1.0,1.0,0.28387928009033203,1.0,1.0,1.0,1.0,1.0,0.20133328437805176,1.0,1.0,1.0,1.0,1.0,0.27441954612731934,1.0,1.0,1.0,1.0,1.0,0.2778298854827881,1.0,1.0,1.0,1.0,1.0,0.2836596965789795
66602662.0,0.0,1.0,1.0,1.0,0.0,0.24179744720458984,0.0,1.0,1.0,1.0,0.0,0.24120068550109863,0.0,1.0,1.0,1.0,0.0,0.24111485481262207,0.0,1.0,1.0,1.0,0.0,0.24308395385742188,0.0,1.0,1.0,1.0,0.0,0.24257349967956543,0.0,1.0,1.0,1.0,0.0,0.23853826522827148,0.0,1.0,1.0,1.0,0.0,0.24046993255615234,0.0,1.0,1.0,1.0,0.0,0.24413776397705078,0.0,1.0,1.0,1.0,0.0,0.2421882152557373
66407123.0,1.0,1.0,1.0,1.0,1.0,0.11366605758666992,1.0,1.0,1.0,1.0,1.0,0.11324191093444824,1.0,1.0,1.0,1.0,1.0,0.11238312721252441,1.0,1.0,1.0,1.0,1.0,0.1132500171661377,1.0,1.0,1.0,1.0,1.0,0.11075639724731445,1.0,1.0,1.0,1.0,1.0,0.10834169387817383,1.0,1.0,1.0,1.0,1.0,0.1128389835357666,1.0,1.0,1.0,1.0,1.0,0.11030769348144531,1.0,1.0,1.0,1.0,1.0,0.11668109893798828
66235657.0,1.0,1.0,1.0,1.0,1.0,189.08280849456787,1.0,1.0,1.0,1.0,1.0,189.25931668281555,1.0,1.0,1.0,1.0,1.0,189.1544578075409,1.0,1.0,1.0,1.0,1.0,189.91326689720154,1.0,1.0,1.0,1.0,1.0,189.22397541999817,1.0,1.0,1.0,1.0,1.0,54.57577586174011,1.0,1.0,1.0,1.0,1.0,87.83877539634705,1.0,1.0,1.0,1.0,1.0,361.30028223991394,1.0,1.0,1.0,1.0,1.0,696.301655292511
66087653.0,1.0,1.0,1.0,1.0,1.0,2.5788722038269043,1.0,1.0,1.0,1.0,1.0,2.5734968185424805,1.0,1.0,1.0,1.0,1.0,2.655686140060425,1.0,1.0,1.0,1.0,1.0,2.5768210887908936,1.0,1.0,1.0,1.0,1.0,2.573204278945923,1.0,1.0,1.0,1.0,1.0,1.3948345184326172,1.0,1.0,1.0,1.0,1.0,2.068887233734131,1.0,1.0,1.0,1.0,1.0,2.5855672359466553,1.0,1.0,1.0,1.0,1.0,2.647571325302124
65777704.0,1.0,1.0,1.0,1.0,1.0,57.92518377304077,1.0,1.0,1.0,1.0,1.0,57.48765015602112,1.0,1.0,1.0,1.0,1.0,56.434260845184326,1.0,1.0,1.0,1.0,1.0,52.95042705535889,1.0,1.0,1.0,1.0,1.0,51.837541580200195,1.0,1.0,1.0,1.0,1.0,24.93303155899048,1.0,1.0,1.0,1.0,1.0,34.48515343666077,1.0,1.0,1.0,1.0,1.0,97.24435091018677,1.0,1.0,1.0,1.0,1.0,175.18506741523743
65669308.0,1.0,1.0,1.0,1.0,1.0,0.08095455169677734,1.0,1.0,0.0,1.0,1.0,0.15338730812072754,1.0,1.0,0.0,1.0,1.0,0.08432984352111816,1.0,1.0,0.0,1.0,1.0,0.08339333534240723,1.0,1.0,0.0,1.0,1.0,0.08333110809326172,1.0,1.0,1.0,1.0,1.0,0.07282471656799316,1.0,1.0,1.0,1.0,1.0,0.08065247535705566,1.0,1.0,1.0,1.0,1.0,0.08452486991882324,1.0,1.0,1.0,1.0,1.0,0.08519482612609863
64413907.0,0.0,0.0,0.0,0.0,0.0,0.9572055339813232,0.0,0.0,0.0,0.0,0.0,0.753920316696167,0.0,0.0,0.0,0.0,0.0,0.7481939792633057,0.0,0.0,0.0,0.0,0.0,0.9044208526611328,0.0,0.0,0.0,0.0,0.0,0.890467643737793,0.0,0.0,0.0,0.0,0.0,0.7453231811523438,0.0,0.0,0.0,0.0,0.0,0.9298975467681885,0.0,0.0,0.0,0.0,0.0,0.7481160163879395,0.0,0.0,0.0,0.0,0.0,0.9128375053405762
64395424.0,0.0,0.0,0.0,0.0,0.0,0.06838059425354004,0.0,0.0,0.0,0.0,0.0,0.06186652183532715,0.0,0.0,0.0,0.0,0.0,0.061738014221191406,0.0,0.0,0.0,0.0,0.0,0.06411600112915039,0.0,0.0,0.0,0.0,0.0,0.06340384483337402,0.0,0.0,0.0,0.0,0.0,0.05940580368041992,0.0,0.0,0.0,0.0,0.0,0.06686282157897949,0.0,0.0,0.0,0.0,0.0,0.06218457221984863,0.0,0.0,0.0,0.0,0.0,0.06655693054199219
64387251.0,0.0,1.0,1.0,1.0,1.0,7.840468406677246,1.0,1.0,1.0,1.0,1.0,7.360531568527222,1.0,1.0,1.0,1.0,1.0,7.393958330154419,1.0,1.0,1.0,1.0,1.0,7.3447816371917725,1.0,1.0,1.0,1.0,1.0,7.348310947418213,0.0,1.0,1.0,1.0,1.0,1.7422914505004883,0.0,1.0,1.0,1.0,1.0,3.254652976989746,0.0,1.0,1.0,1.0,1.0,15.473278760910034,0.0,1.0,1.0,1.0,1.0,30.473411798477173
64237179.0,1.0,1.0,1.0,1.0,1.0,49.58857345581055,1.0,1.0,1.0,1.0,1.0,73.27306628227234,1.0,1.0,1.0,1.0,1.0,55.25656199455261,1.0,1.0,1.0,1.0,1.0,56.480835914611816,1.0,1.0,1.0,1.0,1.0,61.53666090965271,1.0,1.0,1.0,1.0,1.0,45.885546922683716,1.0,1.0,1.0,1.0,1.0,599.2287392616272,1.0,1.0,1.0,1.0,1.0,266.5845139026642,1.0,1.0,1.0,1.0,1.0,184.60079193115234
63212385.0,1.0,1.0,0.0,1.0,1.0,3.398547410964966,1.0,1.0,1.0,1.0,1.0,3.3636608123779297,1.0,1.0,1.0,1.0,1.0,3.449749708175659,1.0,1.0,1.0,1.0,1.0,3.3494277000427246,1.0,1.0,1.0,1.0,1.0,3.3320581912994385,1.0,1.0,0.0,1.0,1.0,2.171321153640747,1.0,1.0,0.0,1.0,1.0,2.388015031814575,1.0,1.0,0.0,1.0,1.0,5.068058729171753,1.0,1.0,0.0,1.0,1.0,8.253556728363037
62957334.0,0.0,0.0,0.0,0.0,0.0,1.1567614078521729,0.0,0.0,0.0,0.0,0.0,1.1411197185516357,0.0,0.0,0.0,0.0,0.0,1.0796632766723633,0.0,0.0,0.0,0.0,0.0,1.1486337184906006,0.0,0.0,0.0,0.0,0.0,1.1315109729766846,0.0,0.0,0.0,0.0,0.0,0.4825408458709717,0.0,0.0,0.0,0.0,0.0,0.7442049980163574,0.0,0.0,0.0,0.0,0.0,1.9135949611663818,0.0,0.0,0.0,0.0,0.0,3.5139782428741455
62440336.0,1.0,1.0,1.0,1.0,1.0,1.71742844581604,1.0,1.0,1.0,1.0,1.0,2.0370116233825684,1.0,1.0,1.0,1.0,1.0,2.25483775138855,1.0,1.0,1.0,1.0,1.0,1.7582614421844482,1.0,1.0,1.0,1.0,1.0,2.9293367862701416,1.0,1.0,1.0,1.0,1.0,2.021657943725586,1.0,1.0,1.0,1.0,1.0,2.269695997238159,1.0,1.0,1.0,1.0,1.0,2.875344753265381,1.0,1.0,1.0,1.0,1.0,4.319694995880127
62313327.0,0.0,0.0,0.0,0.0,0.0,6.66965651512146,0.0,0.0,0.0,0.0,0.0,6.564798593521118,0.0,0.0,0.0,0.0,0.0,6.589451789855957,0.0,0.0,0.0,0.0,0.0,6.627264022827148,0.0,0.0,0.0,0.0,0.0,6.575520753860474,0.0,0.0,0.0,0.0,0.0,6.583181619644165,0.0,0.0,0.0,0.0,0.0,6.6347410678863525,0.0,0.0,0.0,0.0,0.0,6.592750072479248,0.0,0.0,0.0,0.0,0.0,6.481402397155762
62068109.0,1.0,1.0,1.0,1.0,1.0,6.340570449829102,1.0,1.0,1.0,1.0,1.0,6.328333616256714,1.0,1.0,1.0,1.0,1.0,6.24397349357605,1.0,1.0,1.0,1.0,1.0,6.325076103210449,1.0,1.0,1.0,1.0,1.0,6.352136135101318,1.0,1.0,1.0,1.0,1.0,1.7033228874206543,1.0,1.0,1.0,1.0,1.0,2.852048397064209,1.0,1.0,1.0,1.0,1.0,11.959938526153564,1.0,1.0,1.0,1.0,1.0,23.455716848373413
62055783.0,1.0,1.0,1.0,1.0,1.0,8.944477796554565,0.0,0.0,0.0,0.0,0.0,8.813033819198608,0.0,0.0,0.0,0.0,0.0,8.91350245475769,0.0,0.0,0.0,0.0,0.0,8.928080797195435,0.0,0.0,0.0,0.0,0.0,8.9169340133667,1.0,1.0,1.0,1.0,1.0,2.590090751647949,1.0,1.0,1.0,1.0,1.0,4.2345733642578125,1.0,1.0,1.0,1.0,1.0,16.73223900794983,1.0,1.0,1.0,1.0,1.0,32.422229051589966
61997645.0,1.0,1.0,1.0,1.0,1.0,0.8006124496459961,1.0,1.0,1.0,1.0,1.0,0.8670010566711426,1.0,1.0,1.0,1.0,1.0,0.8727726936340332,1.0,1.0,1.0,1.0,1.0,0.8016784191131592,1.0,1.0,1.0,1.0,1.0,0.7942337989807129,1.0,1.0,1.0,1.0,1.0,0.8226542472839355,1.0,1.0,1.0,1.0,1.0,0.803077220916748,1.0,1.0,1.0,1.0,1.0,0.8062429428100586,1.0,1.0,1.0,1.0,1.0,0.8660359382629395
61886777.0,1.0,1.0,1.0,1.0,1.0,5.656968116760254,1.0,1.0,1.0,1.0,1.0,5.564988851547241,1.0,1.0,1.0,1.0,1.0,5.49117636680603,1.0,1.0,1.0,1.0,1.0,5.509773015975952,0.0,0.0,1.0,1.0,0.0,5.470654726028442,1.0,1.0,1.0,1.0,1.0,1.2246534824371338,1.0,1.0,1.0,1.0,1.0,2.324214458465576,1.0,1.0,1.0,1.0,1.0,10.416202068328857,1.0,1.0,1.0,1.0,1.0,19.804935693740845
61763616.0,1.0,1.0,1.0,1.0,1.0,5.263089656829834,1.0,1.0,1.0,1.0,1.0,5.160013198852539,1.0,1.0,1.0,1.0,1.0,5.0965588092803955,0.0,0.0,0.0,0.0,0.0,4.989737272262573,0.0,0.0,0.0,0.0,0.0,4.949968576431274,1.0,1.0,1.0,1.0,1.0,1.4281949996948242,1.0,1.0,1.0,1.0,1.0,2.427042007446289,1.0,1.0,1.0,1.0,1.0,8.893567562103271,1.0,1.0,1.0,1.0,1.0,15.119791030883789
61498304.0,1.0,1.0,1.0,1.0,1.0,4.804275989532471,1.0,1.0,1.0,1.0,1.0,4.800483465194702,0.0,0.0,0.0,0.0,0.0,4.8688342571258545,0.0,0.0,0.0,0.0,0.0,5.009508848190308,0.0,0.0,0.0,0.0,0.0,5.039413690567017,1.0,1.0,1.0,1.0,1.0,1.9103178977966309,1.0,1.0,1.0,1.0,1.0,2.855599880218506,1.0,1.0,1.0,1.0,1.0,7.083646059036255,1.0,1.0,1.0,1.0,1.0,9.8165922164917
61274792.0,0.0,0.0,0.0,0.0,0.0,6.510322093963623,0.0,0.0,0.0,0.0,0.0,6.5923378467559814,0.0,0.0,0.0,0.0,0.0,6.707548379898071,0.0,0.0,0.0,0.0,0.0,6.628581285476685,0.0,0.0,0.0,0.0,0.0,6.623673677444458,0.0,0.0,0.0,0.0,0.0,4.583898067474365,0.0,0.0,0.0,0.0,0.0,5.4104413986206055,0.0,0.0,0.0,0.0,0.0,8.235967874526978,0.0,0.0,0.0,0.0,0.0,11.459749460220337
61234347.0,0.0,0.0,0.0,0.0,0.0,0.6735978126525879,0.0,1.0,0.0,1.0,0.0,0.6693582534790039,1.0,1.0,0.0,1.0,1.0,0.661571741104126,1.0,1.0,1.0,1.0,1.0,0.7434680461883545,1.0,1.0,1.0,1.0,1.0,0.7335586547851562,0.0,0.0,0.0,0.0,0.0,0.2856433391571045,0.0,0.0,0.0,0.0,0.0,0.4147665500640869,0.0,0.0,0.0,0.0,0.0,0.9626193046569824,0.0,0.0,0.0,0.0,0.0,0.9555113315582275
60874661.0,1.0,0.0,1.0,0.0,0.0,312.33315324783325,1.0,0.0,1.0,0.0,0.0,311.714772939682,1.0,0.0,1.0,0.0,0.0,312.473197221756,1.0,0.0,1.0,0.0,0.0,312.75136971473694,1.0,0.0,1.0,0.0,0.0,313.15814185142517,1.0,1.0,1.0,0.0,0.0,81.52560877799988,1.0,0.0,1.0,1.0,0.0,147.13958168029785,1.0,0.0,1.0,1.0,0.0,579.0369427204132,1.0,0.0,1.0,1.0,0.0,920.4680936336517
60831731.0,1.0,1.0,1.0,1.0,1.0,0.10893583297729492,1.0,1.0,1.0,1.0,1.0,0.08582305908203125,1.0,1.0,1.0,1.0,1.0,0.08851003646850586,1.0,1.0,1.0,1.0,1.0,0.09418225288391113,1.0,1.0,1.0,1.0,1.0,0.08901405334472656,1.0,1.0,1.0,1.0,1.0,0.08847403526306152,1.0,1.0,1.0,1.0,1.0,0.09400296211242676,1.0,1.0,1.0,1.0,1.0,0.08869314193725586,1.0,1.0,1.0,1.0,1.0,0.08197259902954102
60801900.0,0.0,0.0,0.0,0.0,0.0,3.7875571250915527,0.0,1.0,1.0,1.0,0.0,4.0197532176971436,1.0,1.0,1.0,1.0,1.0,3.9299070835113525,1.0,1.0,1.0,1.0,1.0,3.95483660697937,1.0,1.0,1.0,1.0,1.0,3.8144123554229736,0.0,0.0,0.0,0.0,0.0,1.1519484519958496,0.0,0.0,0.0,0.0,0.0,1.915231466293335,0.0,0.0,0.0,0.0,0.0,7.786760091781616,0.0,0.0,0.0,0.0,0.0,14.022899150848389
60766775.0,0.0,0.0,0.0,0.0,0.0,0.49098944664001465,0.0,0.0,0.0,0.0,0.0,0.48769164085388184,0.0,0.0,0.0,0.0,0.0,0.4931800365447998,0.0,0.0,0.0,0.0,0.0,0.4964108467102051,1.0,1.0,1.0,1.0,1.0,0.4799027442932129,0.0,0.0,0.0,0.0,0.0,0.49760866165161133,0.0,0.0,0.0,0.0,0.0,0.49199604988098145,0.0,0.0,0.0,0.0,0.0,0.4967825412750244,0.0,0.0,0.0,0.0,0.0,0.4926595687866211
60574843.0,1.0,1.0,0.0,1.0,1.0,35.2345495223999,1.0,1.0,1.0,1.0,1.0,35.63831067085266,1.0,1.0,1.0,1.0,1.0,35.34047293663025,1.0,1.0,1.0,1.0,1.0,35.522844314575195,1.0,1.0,1.0,1.0,1.0,35.960524797439575,1.0,1.0,1.0,1.0,1.0,11.230751514434814,1.0,1.0,0.0,1.0,1.0,21.82261896133423,1.0,1.0,0.0,1.0,1.0,36.303850412368774,1.0,1.0,0.0,1.0,1.0,36.10157489776611
60508218.0,1.0,1.0,1.0,1.0,1.0,0.709125280380249,1.0,1.0,1.0,1.0,1.0,0.8084290027618408,0.0,1.0,1.0,1.0,0.0,0.7896976470947266,0.0,0.0,0.0,0.0,0.0,0.6805970668792725,0.0,0.0,0.0,0.0,0.0,0.6792693138122559,1.0,1.0,1.0,1.0,1.0,0.38242316246032715,1.0,1.0,1.0,1.0,1.0,0.4666728973388672,1.0,1.0,1.0,1.0,1.0,1.1954374313354492,1.0,1.0,1.0,1.0,1.0,2.039713144302368
60355380.0,1.0,1.0,1.0,1.0,1.0,6.691270112991333,1.0,1.0,1.0,1.0,1.0,6.659072399139404,1.0,1.0,1.0,1.0,1.0,6.606160402297974,1.0,1.0,1.0,1.0,1.0,6.602788925170898,1.0,1.0,1.0,1.0,1.0,6.605427503585815,1.0,1.0,1.0,1.0,1.0,3.017740488052368,1.0,1.0,1.0,1.0,1.0,4.397841215133667,1.0,1.0,1.0,1.0,1.0,7.402240753173828,1.0,1.0,1.0,1.0,1.0,7.336532354354858
59758722.0,1.0,1.0,1.0,1.0,1.0,0.25375914573669434,1.0,1.0,1.0,1.0,1.0,0.2601463794708252,1.0,1.0,1.0,1.0,1.0,0.24985909461975098,1.0,1.0,1.0,1.0,1.0,0.24264836311340332,1.0,1.0,1.0,1.0,1.0,0.2517986297607422,1.0,1.0,1.0,1.0,1.0,0.25609517097473145,1.0,1.0,1.0,1.0,1.0,0.2544875144958496,1.0,1.0,1.0,1.0,1.0,0.2552909851074219,1.0,1.0,1.0,1.0,1.0,0.2557995319366455
59278771.0,1.0,1.0,1.0,1.0,1.0,0.06793475151062012,1.0,1.0,1.0,1.0,1.0,0.06677794456481934,1.0,1.0,1.0,1.0,1.0,0.0643928050994873,1.0,1.0,1.0,1.0,1.0,0.0646657943725586,1.0,1.0,1.0,1.0,1.0,0.06479597091674805,1.0,1.0,1.0,1.0,1.0,0.06531834602355957,1.0,1.0,1.0,1.0,1.0,0.06470823287963867,1.0,1.0,1.0,1.0,1.0,0.06495261192321777,1.0,1.0,1.0,1.0,1.0,0.06412220001220703
59078187.0,1.0,1.0,1.0,1.0,1.0,0.3690779209136963,0.0,0.0,0.0,0.0,0.0,0.39437413215637207,0.0,0.0,0.0,0.0,0.0,0.37665653228759766,0.0,0.0,0.0,0.0,0.0,0.3787863254547119,0.0,0.0,0.0,0.0,0.0,0.3883473873138428,0.0,0.0,1.0,0.0,0.0,0.3266634941101074,1.0,1.0,1.0,1.0,1.0,0.3902902603149414,1.0,1.0,1.0,1.0,1.0,0.3989698886871338,1.0,1.0,1.0,1.0,1.0,0.38700270652770996
58844149.0,1.0,1.0,1.0,1.0,1.0,14.020789623260498,1.0,1.0,1.0,1.0,1.0,13.920369148254395,1.0,1.0,1.0,1.0,1.0,13.953678369522095,1.0,1.0,1.0,1.0,1.0,13.93205451965332,1.0,1.0,1.0,1.0,1.0,13.863156795501709,1.0,1.0,1.0,1.0,1.0,10.42629885673523,1.0,1.0,1.0,1.0,1.0,11.376851558685303,1.0,1.0,1.0,1.0,1.0,17.494028091430664,1.0,1.0,1.0,1.0,1.0,25.06954050064087
58609115.0,1.0,1.0,1.0,1.0,1.0,2.592219352722168,1.0,1.0,1.0,1.0,1.0,2.6535797119140625,1.0,1.0,1.0,1.0,1.0,2.693434476852417,1.0,1.0,1.0,1.0,1.0,2.8025271892547607,1.0,1.0,1.0,1.0,1.0,2.7856838703155518,1.0,1.0,1.0,1.0,1.0,0.5958144664764404,1.0,1.0,1.0,1.0,1.0,1.0962259769439697,1.0,1.0,1.0,1.0,1.0,5.088732004165649,1.0,1.0,1.0,1.0,1.0,10.132755994796753
58572274.0,0.0,0.0,0.0,0.0,0.0,0.05858612060546875,0.0,0.0,0.0,0.0,0.0,0.058934926986694336,0.0,0.0,0.0,0.0,0.0,0.05898737907409668,0.0,0.0,0.0,0.0,0.0,0.05836772918701172,0.0,0.0,0.0,0.0,0.0,0.05878400802612305,0.0,0.0,0.0,0.0,0.0,0.057763099670410156,0.0,0.0,0.0,0.0,0.0,0.05938458442687988,0.0,0.0,0.0,0.0,0.0,0.05944252014160156,0.0,0.0,0.0,0.0,0.0,0.05979156494140625
58392266.0,1.0,1.0,1.0,1.0,1.0,4.010281324386597,1.0,1.0,1.0,1.0,1.0,3.9767954349517822,1.0,1.0,1.0,1.0,1.0,3.9604101181030273,1.0,1.0,1.0,1.0,1.0,3.977560043334961,1.0,1.0,1.0,1.0,1.0,3.9797680377960205,1.0,1.0,1.0,1.0,1.0,1.2865030765533447,1.0,1.0,1.0,1.0,1.0,2.0086069107055664,1.0,1.0,1.0,1.0,1.0,7.1467978954315186,1.0,1.0,1.0,1.0,1.0,12.995204448699951
58333926.0,0.0,0.0,0.0,0.0,0.0,206.94584894180298,0.0,0.0,0.0,0.0,0.0,201.8666205406189,1.0,0.0,0.0,0.0,1.0,200.1010823249817,1.0,0.0,0.0,0.0,1.0,199.71425485610962,0.0,0.0,0.0,0.0,0.0,200.16581773757935,0.0,0.0,0.0,0.0,0.0,44.95338439941406,0.0,0.0,0.0,0.0,0.0,86.69309663772583,0.0,0.0,0.0,0.0,0.0,385.85427689552307,0.0,0.0,0.0,0.0,0.0,616.3707232475281
58064701.0,1.0,1.0,1.0,1.0,1.0,0.07626748085021973,1.0,1.0,1.0,1.0,1.0,0.07558083534240723,1.0,1.0,1.0,1.0,1.0,0.07727551460266113,1.0,1.0,1.0,1.0,1.0,0.07833456993103027,1.0,1.0,1.0,1.0,1.0,0.07687759399414062,1.0,1.0,1.0,1.0,1.0,0.0757913589477539,1.0,1.0,1.0,1.0,1.0,0.0764472484588623,1.0,1.0,1.0,1.0,1.0,0.07840180397033691,1.0,1.0,1.0,1.0,1.0,0.07766270637512207
58055105.0,1.0,1.0,1.0,1.0,1.0,0.2973201274871826,1.0,1.0,1.0,1.0,1.0,0.2938377857208252,1.0,1.0,1.0,1.0,1.0,0.2898106575012207,1.0,1.0,1.0,1.0,1.0,0.28957223892211914,1.0,1.0,1.0,1.0,1.0,0.2911109924316406,1.0,1.0,1.0,1.0,1.0,0.2943429946899414,1.0,1.0,1.0,1.0,1.0,0.2939181327819824,1.0,1.0,1.0,1.0,1.0,0.2977864742279053,1.0,1.0,1.0,1.0,1.0,0.29576587677001953
58051767.0,1.0,0.0,0.0,0.0,1.0,0.1569688320159912,1.0,0.0,0.0,0.0,1.0,0.15207600593566895,1.0,0.0,0.0,0.0,1.0,0.1482226848602295,1.0,0.0,0.0,0.0,1.0,0.14648818969726562,1.0,0.0,0.0,0.0,1.0,0.14678740501403809,1.0,0.0,0.0,0.0,1.0,0.14795494079589844,1.0,0.0,0.0,0.0,1.0,0.14821743965148926,1.0,0.0,0.0,0.0,1.0,0.15246343612670898,1.0,0.0,0.0,0.0,1.0,0.14535903930664062
58043002.0,0.0,0.0,0.0,0.0,0.0,2.624567985534668,0.0,0.0,0.0,0.0,0.0,2.569126844406128,0.0,0.0,0.0,0.0,0.0,2.613009214401245,0.0,0.0,0.0,0.0,0.0,2.5382189750671387,0.0,0.0,0.0,0.0,0.0,2.67348575592041,1.0,1.0,1.0,1.0,1.0,1.5210230350494385,1.0,1.0,1.0,1.0,1.0,1.8118720054626465,0.0,0.0,0.0,0.0,0.0,2.473954677581787,0.0,0.0,0.0,0.0,0.0,2.481200933456421
57943425.0,1.0,1.0,1.0,1.0,1.0,2.610804557800293,1.0,1.0,1.0,1.0,1.0,2.5010926723480225,0.0,1.0,1.0,1.0,0.0,2.5763018131256104,0.0,0.0,0.0,0.0,0.0,2.5657384395599365,0.0,0.0,0.0,0.0,0.0,2.551849603652954,1.0,1.0,1.0,1.0,1.0,0.6702802181243896,1.0,1.0,1.0,1.0,1.0,1.293259620666504,1.0,1.0,1.0,1.0,1.0,3.6222856044769287,1.0,1.0,1.0,1.0,1.0,4.7367448806762695
57516678.0,0.0,0.0,0.0,0.0,0.0,48.4122896194458,0.0,0.0,0.0,0.0,0.0,49.371354818344116,0.0,0.0,0.0,0.0,0.0,49.733429193496704,0.0,0.0,0.0,0.0,0.0,47.35702061653137,0.0,0.0,0.0,0.0,0.0,46.63987398147583,0.0,0.0,0.0,0.0,0.0,29.16420316696167,0.0,0.0,0.0,0.0,0.0,36.30312466621399,0.0,0.0,0.0,0.0,0.0,60.63783621788025,0.0,0.0,0.0,0.0,0.0,81.30008244514465
57407973.0,1.0,1.0,1.0,1.0,1.0,2.5834500789642334,1.0,1.0,1.0,1.0,1.0,2.6521663665771484,1.0,1.0,0.0,1.0,1.0,2.7045109272003174,1.0,0.0,0.0,0.0,0.0,2.7278571128845215,1.0,1.0,0.0,0.0,0.0,2.7672226428985596,1.0,1.0,1.0,1.0,1.0,1.3126163482666016,1.0,1.0,1.0,1.0,1.0,2.074753761291504,1.0,1.0,1.0,1.0,1.0,2.5901551246643066,1.0,1.0,1.0,1.0,1.0,2.5985965728759766
57397440.0,1.0,1.0,1.0,1.0,1.0,0.8291561603546143,0.0,1.0,1.0,1.0,0.0,0.8348245620727539,0.0,1.0,1.0,1.0,0.0,0.8240692615509033,0.0,1.0,1.0,1.0,0.0,0.8309211730957031,0.0,1.0,1.0,1.0,0.0,0.829204797744751,1.0,1.0,1.0,1.0,1.0,0.8340396881103516,1.0,1.0,1.0,1.0,1.0,0.8293051719665527,1.0,1.0,1.0,1.0,1.0,0.8330061435699463,1.0,1.0,1.0,1.0,1.0,0.8444478511810303
57326611.0,1.0,1.0,1.0,1.0,1.0,1.0739054679870605,1.0,1.0,1.0,1.0,1.0,1.0564298629760742,1.0,1.0,1.0,1.0,1.0,1.0372159481048584,0.0,0.0,0.0,0.0,0.0,1.029242753982544,0.0,0.0,0.0,0.0,0.0,1.0235867500305176,1.0,1.0,1.0,1.0,1.0,1.081955909729004,1.0,1.0,1.0,1.0,1.0,1.0706791877746582,1.0,1.0,1.0,1.0,1.0,1.0698778629302979,1.0,1.0,1.0,1.0,1.0,1.0739574432373047
56774954.0,1.0,0.0,1.0,0.0,1.0,0.595137357711792,1.0,0.0,0.0,0.0,1.0,0.625385046005249,1.0,0.0,0.0,0.0,1.0,0.6092634201049805,0.0,0.0,0.0,0.0,0.0,0.5951845645904541,0.0,0.0,0.0,0.0,0.0,0.6180253028869629,1.0,0.0,1.0,0.0,1.0,0.62213134765625,1.0,0.0,1.0,0.0,1.0,0.6208004951477051,1.0,0.0,1.0,0.0,1.0,0.623936653137207,1.0,0.0,1.0,0.0,1.0,0.6193618774414062
56452176.0,0.0,0.0,0.0,0.0,0.0,0.07971477508544922,0.0,0.0,0.0,0.0,0.0,0.08242583274841309,0.0,0.0,0.0,0.0,0.0,0.08404421806335449,0.0,0.0,0.0,0.0,0.0,0.0741117000579834,0.0,0.0,0.0,0.0,0.0,0.07321476936340332,0.0,0.0,0.0,0.0,0.0,0.07897186279296875,0.0,0.0,0.0,0.0,0.0,0.0746922492980957,0.0,0.0,0.0,0.0,0.0,0.08781170845031738,0.0,0.0,0.0,0.0,0.0,0.0728156566619873
56218256.0,1.0,1.0,1.0,1.0,1.0,1.532447099685669,1.0,1.0,1.0,1.0,1.0,1.522719383239746,1.0,1.0,1.0,1.0,1.0,1.5230991840362549,1.0,1.0,1.0,1.0,1.0,1.6118364334106445,1.0,1.0,1.0,1.0,1.0,1.528550148010254,1.0,1.0,1.0,1.0,1.0,0.5837535858154297,1.0,1.0,1.0,1.0,1.0,0.8191502094268799,1.0,1.0,1.0,1.0,1.0,2.7267889976501465,1.0,1.0,1.0,1.0,1.0,2.7237155437469482
55198221.0,1.0,1.0,1.0,1.0,1.0,1.872875690460205,1.0,1.0,1.0,1.0,1.0,1.8090310096740723,1.0,1.0,1.0,1.0,1.0,1.7656617164611816,0.0,0.0,0.0,0.0,0.0,1.6388182640075684,0.0,0.0,0.0,0.0,0.0,1.702913761138916,1.0,1.0,1.0,1.0,1.0,0.47261834144592285,1.0,1.0,1.0,1.0,1.0,0.8066041469573975,1.0,1.0,1.0,1.0,1.0,3.5501794815063477,1.0,1.0,1.0,1.0,1.0,6.906501054763794
54811239.0,1.0,1.0,1.0,1.0,1.0,0.38028836250305176,0.0,0.0,0.0,0.0,0.0,0.3808574676513672,0.0,0.0,0.0,0.0,0.0,0.37624263763427734,0.0,0.0,0.0,0.0,0.0,0.36652350425720215,0.0,0.0,0.0,0.0,0.0,0.36699652671813965,1.0,1.0,1.0,1.0,1.0,0.38768815994262695,1.0,1.0,1.0,1.0,1.0,0.3841538429260254,1.0,1.0,1.0,1.0,1.0,0.38523364067077637,1.0,1.0,1.0,1.0,1.0,0.37079715728759766
54738769.0,1.0,1.0,1.0,1.0,1.0,0.18945932388305664,1.0,1.0,1.0,1.0,1.0,0.19364309310913086,1.0,1.0,1.0,1.0,1.0,0.19327378273010254,1.0,1.0,1.0,1.0,1.0,0.1913602352142334,1.0,1.0,1.0,1.0,1.0,0.19134998321533203,1.0,1.0,1.0,1.0,1.0,0.4453732967376709,1.0,1.0,1.0,1.0,1.0,0.3571906089782715,1.0,1.0,1.0,1.0,1.0,0.1974167823791504,1.0,1.0,1.0,1.0,1.0,0.19454312324523926
54282951.0,0.0,0.0,0.0,0.0,0.0,0.3040735721588135,0.0,0.0,0.0,0.0,0.0,0.2975733280181885,0.0,0.0,0.0,0.0,0.0,0.2947721481323242,0.0,0.0,0.0,0.0,0.0,0.384554386138916,0.0,0.0,0.0,0.0,0.0,0.29742002487182617,0.0,0.0,0.0,0.0,0.0,0.18370747566223145,0.0,0.0,0.0,0.0,0.0,0.2136697769165039,0.0,0.0,0.0,0.0,0.0,0.46424221992492676,0.0,0.0,0.0,0.0,0.0,0.786449670791626
54064299.0,1.0,1.0,1.0,1.0,1.0,6.883804559707642,1.0,1.0,1.0,1.0,1.0,6.861040353775024,1.0,1.0,1.0,1.0,1.0,6.881340980529785,1.0,1.0,1.0,1.0,1.0,6.737872123718262,1.0,1.0,1.0,1.0,1.0,6.782122850418091,1.0,1.0,1.0,1.0,1.0,2.510124444961548,1.0,1.0,1.0,1.0,1.0,3.563657522201538,1.0,1.0,1.0,1.0,1.0,12.280429363250732,1.0,1.0,1.0,1.0,1.0,23.15110158920288
53749895.0,0.0,0.0,0.0,0.0,0.0,0.4479832649230957,0.0,0.0,0.0,0.0,0.0,0.4496939182281494,0.0,0.0,0.0,0.0,0.0,0.45662379264831543,0.0,0.0,0.0,0.0,0.0,0.44260454177856445,0.0,0.0,0.0,0.0,0.0,1.8025047779083252,0.0,0.0,0.0,0.0,0.0,0.6820085048675537,0.0,0.0,0.0,0.0,0.0,1.1809237003326416,0.0,0.0,0.0,0.0,0.0,0.6715559959411621,0.0,0.0,0.0,0.0,0.0,1.060636281967163
53700537.0,0.0,0.0,0.0,0.0,0.0,4.891027927398682,0.0,0.0,0.0,0.0,0.0,4.756604909896851,0.0,0.0,0.0,0.0,0.0,4.6483154296875,0.0,0.0,0.0,0.0,0.0,4.634517192840576,0.0,0.0,0.0,0.0,0.0,4.605169296264648,0.0,0.0,0.0,0.0,0.0,1.1142382621765137,0.0,0.0,0.0,0.0,0.0,2.059035301208496,0.0,0.0,0.0,0.0,0.0,9.668680906295776,0.0,0.0,0.0,0.0,0.0,18.989267826080322
52983831.0,1.0,1.0,1.0,1.0,1.0,0.49524688720703125,1.0,1.0,1.0,1.0,1.0,0.47922730445861816,1.0,1.0,1.0,1.0,1.0,0.4787173271179199,1.0,1.0,1.0,1.0,1.0,0.48833656311035156,1.0,1.0,1.0,1.0,1.0,0.48648595809936523,1.0,1.0,1.0,1.0,1.0,0.45124197006225586,1.0,1.0,1.0,1.0,1.0,0.47095656394958496,1.0,1.0,1.0,1.0,1.0,0.4901127815246582,1.0,1.0,1.0,1.0,1.0,0.48236775398254395
52566823.0,1.0,0.0,0.0,0.0,1.0,0.12534499168395996,1.0,1.0,1.0,1.0,1.0,0.12324142456054688,1.0,1.0,1.0,1.0,1.0,0.12483859062194824,1.0,1.0,1.0,1.0,1.0,0.12531447410583496,1.0,1.0,1.0,1.0,1.0,0.12562942504882812,1.0,0.0,0.0,0.0,1.0,0.15046286582946777,1.0,0.0,0.0,0.0,1.0,0.129014253616333,1.0,0.0,0.0,0.0,1.0,0.12343335151672363,1.0,0.0,0.0,0.0,1.0,0.12134861946105957
51930566.0,1.0,1.0,1.0,1.0,1.0,0.05470538139343262,1.0,1.0,1.0,1.0,1.0,0.052991628646850586,1.0,1.0,1.0,1.0,1.0,0.05435323715209961,0.0,0.0,0.0,0.0,0.0,0.05383729934692383,0.0,0.0,0.0,0.0,0.0,0.05659222602844238,1.0,1.0,1.0,1.0,1.0,0.05830216407775879,1.0,1.0,1.0,1.0,1.0,0.05308198928833008,1.0,1.0,1.0,1.0,1.0,0.054084062576293945,1.0,1.0,1.0,1.0,1.0,0.05355048179626465
51901386.0,0.0,1.0,1.0,1.0,0.0,3.8609108924865723,0.0,1.0,1.0,1.0,0.0,3.7544169425964355,1.0,1.0,1.0,1.0,1.0,3.8430304527282715,1.0,1.0,1.0,1.0,1.0,3.8045239448547363,1.0,1.0,1.0,1.0,1.0,3.7496066093444824,0.0,1.0,1.0,1.0,0.0,2.235612154006958,0.0,1.0,1.0,1.0,0.0,2.6955490112304688,0.0,1.0,1.0,1.0,0.0,5.936626434326172,0.0,1.0,1.0,1.0,0.0,9.506708145141602
51749207.0,1.0,1.0,1.0,1.0,1.0,1.5734634399414062,1.0,1.0,1.0,1.0,1.0,1.561295509338379,1.0,1.0,1.0,1.0,1.0,1.4987618923187256,1.0,1.0,1.0,1.0,1.0,1.487694501876831,1.0,1.0,1.0,1.0,1.0,1.549438714981079,1.0,1.0,1.0,1.0,1.0,0.39789438247680664,1.0,1.0,1.0,1.0,1.0,0.67868971824646,1.0,1.0,1.0,1.0,1.0,2.886850357055664,1.0,1.0,1.0,1.0,1.0,5.681735038757324
51581521.0,1.0,1.0,1.0,1.0,1.0,9.198269605636597,1.0,1.0,1.0,1.0,1.0,9.17056155204773,1.0,1.0,1.0,1.0,1.0,9.171393632888794,1.0,1.0,1.0,1.0,1.0,9.167820930480957,1.0,1.0,1.0,1.0,1.0,9.231695652008057,1.0,1.0,1.0,1.0,1.0,5.814988851547241,1.0,1.0,1.0,1.0,1.0,6.6478540897369385,1.0,1.0,1.0,1.0,1.0,13.333910465240479,1.0,1.0,1.0,1.0,1.0,21.76945471763611
51185079.0,1.0,1.0,1.0,1.0,1.0,2.218621253967285,1.0,1.0,1.0,1.0,1.0,2.2241714000701904,1.0,1.0,1.0,1.0,1.0,2.296422004699707,1.0,1.0,1.0,1.0,1.0,2.230546474456787,1.0,1.0,1.0,1.0,1.0,2.215622901916504,1.0,1.0,1.0,1.0,1.0,0.9609684944152832,1.0,1.0,1.0,1.0,1.0,1.6946539878845215,1.0,1.0,1.0,1.0,1.0,2.2347500324249268,1.0,1.0,1.0,1.0,1.0,2.254274368286133
50914860.0,1.0,1.0,1.0,1.0,1.0,4.994714736938477,1.0,1.0,1.0,1.0,1.0,4.969353437423706,1.0,1.0,1.0,1.0,1.0,4.918182849884033,1.0,0.0,0.0,0.0,1.0,4.871361494064331,0.0,0.0,0.0,0.0,0.0,4.8804357051849365,1.0,1.0,1.0,1.0,1.0,2.0457863807678223,1.0,1.0,1.0,1.0,1.0,2.872666597366333,1.0,1.0,1.0,1.0,1.0,8.811188459396362,1.0,1.0,1.0,1.0,1.0,15.992706537246704
50555434.0,1.0,1.0,0.0,1.0,1.0,0.2187638282775879,1.0,0.0,0.0,0.0,1.0,0.22525334358215332,1.0,0.0,0.0,0.0,1.0,0.22174668312072754,0.0,0.0,0.0,0.0,0.0,0.22588586807250977,0.0,0.0,0.0,0.0,0.0,0.22557854652404785,1.0,1.0,0.0,1.0,1.0,0.243316650390625,1.0,1.0,0.0,1.0,1.0,0.23219585418701172,1.0,1.0,0.0,1.0,1.0,0.22522330284118652,1.0,1.0,0.0,1.0,1.0,0.22296524047851562
50338865.0,0.0,0.0,0.0,0.0,0.0,0.4722299575805664,0.0,0.0,0.0,0.0,0.0,0.4782097339630127,0.0,0.0,0.0,0.0,0.0,0.488628625869751,0.0,0.0,0.0,0.0,0.0,0.5033464431762695,0.0,0.0,0.0,0.0,0.0,0.5006899833679199,0.0,0.0,0.0,0.0,0.0,0.4885087013244629,0.0,0.0,0.0,0.0,0.0,0.5135512351989746,0.0,0.0,0.0,0.0,0.0,0.5011227130889893,0.0,0.0,0.0,0.0,0.0,0.6189267635345459
50079585.0,1.0,0.0,1.0,1.0,1.0,5.746726751327515,0.0,1.0,1.0,1.0,0.0,5.723292350769043,0.0,1.0,1.0,1.0,0.0,5.741872310638428,1.0,1.0,1.0,1.0,1.0,5.59807276725769,1.0,1.0,1.0,1.0,1.0,5.781505823135376,0.0,1.0,0.0,0.0,1.0,1.7750353813171387,1.0,1.0,1.0,1.0,1.0,2.7216105461120605,1.0,0.0,1.0,1.0,1.0,10.565271377563477,1.0,0.0,1.0,1.0,1.0,20.321420907974243
49583466.0,0.0,1.0,1.0,0.0,1.0,3.473529815673828,0.0,0.0,0.0,0.0,0.0,3.528682231903076,0.0,1.0,1.0,1.0,0.0,3.7113327980041504,1.0,1.0,1.0,1.0,1.0,3.368483781814575,1.0,1.0,1.0,1.0,1.0,3.5077152252197266,0.0,1.0,1.0,0.0,1.0,3.628113269805908,0.0,1.0,1.0,0.0,1.0,3.6134183406829834,0.0,1.0,1.0,0.0,1.0,3.5662147998809814,0.0,1.0,1.0,0.0,1.0,3.558051347732544
48976413.0,1.0,1.0,1.0,1.0,1.0,0.3341653347015381,1.0,1.0,1.0,1.0,1.0,0.33772969245910645,1.0,1.0,1.0,1.0,1.0,0.3522224426269531,1.0,1.0,1.0,1.0,1.0,0.33492064476013184,1.0,1.0,1.0,1.0,1.0,0.344510555267334,1.0,1.0,1.0,1.0,1.0,0.3570425510406494,1.0,1.0,1.0,1.0,1.0,0.34991884231567383,1.0,1.0,1.0,1.0,1.0,0.34247589111328125,1.0,1.0,1.0,1.0,1.0,0.34161925315856934
48486598.0,0.0,0.0,0.0,0.0,0.0,0.10143470764160156,0.0,0.0,0.0,0.0,0.0,0.09880924224853516,0.0,0.0,0.0,0.0,0.0,0.10631966590881348,0.0,0.0,0.0,0.0,0.0,0.10176563262939453,0.0,0.0,0.0,0.0,0.0,0.09814977645874023,0.0,0.0,0.0,0.0,0.0,0.11447691917419434,0.0,0.0,0.0,0.0,0.0,0.10579800605773926,0.0,0.0,0.0,0.0,0.0,0.09984755516052246,0.0,0.0,0.0,0.0,0.0,0.09738564491271973
48385830.0,1.0,1.0,1.0,1.0,1.0,3.0701568126678467,1.0,1.0,1.0,1.0,1.0,3.046919345855713,1.0,1.0,1.0,1.0,1.0,3.073805570602417,1.0,1.0,1.0,1.0,1.0,3.052518367767334,1.0,1.0,1.0,1.0,1.0,3.0670814514160156,1.0,1.0,1.0,1.0,1.0,3.033284902572632,1.0,1.0,1.0,1.0,1.0,3.0570132732391357,1.0,1.0,1.0,1.0,1.0,3.060161590576172,1.0,1.0,1.0,1.0,1.0,3.0640597343444824
48251943.0,1.0,1.0,1.0,1.0,1.0,0.0667121410369873,1.0,1.0,1.0,1.0,1.0,0.0682065486907959,1.0,1.0,1.0,1.0,1.0,0.0751645565032959,1.0,1.0,1.0,1.0,1.0,0.0692741870880127,1.0,1.0,1.0,1.0,1.0,0.06780385971069336,1.0,1.0,1.0,1.0,1.0,0.08072233200073242,1.0,1.0,1.0,1.0,1.0,0.07084250450134277,1.0,1.0,1.0,1.0,1.0,0.07442402839660645,1.0,1.0,1.0,1.0,1.0,0.07118010520935059
48221692.0,1.0,1.0,1.0,1.0,1.0,0.07303357124328613,1.0,1.0,1.0,1.0,1.0,0.07681822776794434,1.0,1.0,1.0,1.0,1.0,0.08579564094543457,1.0,1.0,1.0,1.0,1.0,0.07253122329711914,1.0,1.0,1.0,1.0,1.0,0.07231473922729492,1.0,1.0,1.0,1.0,1.0,0.08362364768981934,1.0,1.0,1.0,1.0,1.0,0.077972412109375,1.0,1.0,1.0,1.0,1.0,0.07459712028503418,1.0,1.0,1.0,1.0,1.0,0.07159042358398438
47735201.0,0.0,0.0,0.0,0.0,0.0,453.27970838546753,0.0,0.0,0.0,0.0,0.0,455.5361502170563,0.0,0.0,0.0,0.0,0.0,456.02290558815,0.0,0.0,0.0,0.0,0.0,458.3939423561096,0.0,0.0,0.0,0.0,0.0,457.78482842445374,0.0,0.0,0.0,0.0,0.0,99.34743475914001,0.0,0.0,0.0,0.0,0.0,191.12283039093018,0.0,0.0,0.0,0.0,0.0,863.1966660022736,0.0,0.0,0.0,0.0,0.0,1680.0997548103333
47704695.0,1.0,1.0,1.0,1.0,1.0,5.045042514801025,1.0,1.0,1.0,1.0,1.0,5.071042060852051,1.0,1.0,1.0,1.0,1.0,5.019291639328003,1.0,1.0,1.0,1.0,1.0,4.975164175033569,1.0,1.0,1.0,1.0,1.0,4.985417366027832,1.0,1.0,1.0,1.0,1.0,1.291893720626831,1.0,1.0,1.0,1.0,1.0,2.2667019367218018,1.0,1.0,1.0,1.0,1.0,9.75941801071167,1.0,1.0,1.0,1.0,1.0,19.124422073364258
47352366.0,0.0,0.0,0.0,0.0,0.0,334.52580738067627,0.0,0.0,0.0,0.0,0.0,334.1945059299469,0.0,0.0,0.0,0.0,0.0,334.6837956905365,0.0,0.0,0.0,0.0,0.0,338.04527020454407,0.0,0.0,0.0,0.0,0.0,334.90121722221375,0.0,0.0,0.0,0.0,0.0,85.28448390960693,0.0,0.0,0.0,0.0,0.0,147.25402450561523,0.0,0.0,0.0,0.0,0.0,631.116735458374,0.0,0.0,0.0,0.0,0.0,982.89963555336
47241622.0,1.0,1.0,1.0,1.0,1.0,11.574537515640259,1.0,1.0,1.0,1.0,1.0,11.547969818115234,1.0,1.0,1.0,1.0,1.0,11.971706867218018,1.0,1.0,1.0,1.0,1.0,12.240074396133423,1.0,1.0,1.0,1.0,1.0,12.42078709602356,1.0,1.0,1.0,1.0,1.0,9.850595951080322,1.0,1.0,1.0,1.0,1.0,11.47874903678894,1.0,1.0,1.0,1.0,1.0,11.385990858078003,1.0,1.0,1.0,1.0,1.0,11.516024112701416
46995209.0,1.0,1.0,1.0,1.0,1.0,2.15214204788208,1.0,1.0,1.0,1.0,1.0,2.1972391605377197,1.0,1.0,1.0,1.0,1.0,2.1873104572296143,1.0,1.0,1.0,1.0,1.0,2.1539599895477295,1.0,1.0,1.0,1.0,1.0,2.223550796508789,1.0,1.0,1.0,1.0,1.0,2.2574856281280518,1.0,1.0,1.0,1.0,1.0,2.2296535968780518,1.0,1.0,1.0,1.0,1.0,2.2148427963256836,1.0,1.0,1.0,1.0,1.0,2.2122128009796143
46869312.0,0.0,0.0,0.0,0.0,0.0,25.599831104278564,0.0,0.0,0.0,0.0,0.0,25.661896467208862,0.0,0.0,0.0,0.0,0.0,25.927085399627686,1.0,0.0,0.0,0.0,1.0,25.933865308761597,1.0,0.0,0.0,0.0,1.0,26.312057971954346,0.0,0.0,0.0,0.0,0.0,26.496869325637817,0.0,0.0,0.0,0.0,0.0,26.569894790649414,0.0,0.0,0.0,0.0,0.0,26.59741997718811,0.0,0.0,0.0,0.0,0.0,26.008845567703247
46642627.0,0.0,0.0,0.0,0.0,0.0,10.532940149307251,0.0,0.0,0.0,0.0,0.0,10.4314124584198,0.0,0.0,0.0,0.0,0.0,11.40864896774292,0.0,0.0,0.0,0.0,0.0,10.292654037475586,0.0,0.0,0.0,0.0,0.0,10.858745336532593,0.0,0.0,0.0,0.0,0.0,10.799363374710083,0.0,0.0,0.0,0.0,0.0,10.678845643997192,0.0,0.0,0.0,0.0,0.0,10.661539316177368,0.0,0.0,0.0,0.0,0.0,10.667029857635498
46247619.0,0.0,0.0,0.0,0.0,0.0,96.19972491264343,0.0,0.0,0.0,0.0,0.0,94.58211660385132,0.0,0.0,0.0,0.0,0.0,94.12460231781006,0.0,0.0,0.0,0.0,0.0,97.10439419746399,0.0,0.0,0.0,0.0,0.0,97.74875116348267,0.0,0.0,0.0,0.0,0.0,24.54875373840332,0.0,0.0,0.0,0.0,0.0,43.7616970539093,0.0,0.0,0.0,0.0,0.0,184.4523479938507,0.0,0.0,0.0,0.0,0.0,296.2529067993164
45378493.0,1.0,1.0,1.0,1.0,1.0,0.8142223358154297,1.0,1.0,1.0,1.0,1.0,0.7312076091766357,1.0,1.0,1.0,1.0,1.0,0.7270727157592773,1.0,1.0,1.0,1.0,1.0,0.7245573997497559,1.0,1.0,1.0,1.0,1.0,0.8007693290710449,1.0,1.0,1.0,1.0,1.0,0.6193747520446777,1.0,1.0,1.0,1.0,1.0,0.8236513137817383,1.0,1.0,1.0,1.0,1.0,0.7362730503082275,1.0,1.0,1.0,1.0,1.0,0.7349076271057129
45337371.0,1.0,1.0,0.0,1.0,1.0,0.07390928268432617,1.0,1.0,1.0,1.0,1.0,0.07240104675292969,1.0,1.0,1.0,1.0,1.0,0.07407593727111816,1.0,1.0,1.0,1.0,1.0,0.07214856147766113,1.0,1.0,1.0,1.0,1.0,0.07199907302856445,1.0,1.0,0.0,1.0,1.0,0.07362174987792969,1.0,1.0,0.0,1.0,1.0,0.07415771484375,1.0,1.0,0.0,1.0,1.0,0.07353496551513672,1.0,1.0,0.0,1.0,1.0,0.07517147064208984
44758894.0,1.0,1.0,1.0,1.0,1.0,0.15987157821655273,1.0,1.0,1.0,1.0,1.0,0.1570751667022705,0.0,0.0,0.0,0.0,0.0,0.15682387351989746,0.0,0.0,0.0,0.0,0.0,0.15575957298278809,1.0,1.0,0.0,1.0,1.0,0.15784525871276855,1.0,1.0,1.0,1.0,1.0,0.16038990020751953,1.0,1.0,1.0,1.0,1.0,0.15659546852111816,1.0,1.0,1.0,1.0,1.0,0.1614234447479248,1.0,1.0,1.0,1.0,1.0,0.15857481956481934
44755431.0,0.0,0.0,0.0,0.0,0.0,289.55198764801025,0.0,0.0,0.0,0.0,0.0,289.83823585510254,0.0,0.0,0.0,0.0,0.0,291.1009290218353,0.0,0.0,0.0,0.0,0.0,291.36412501335144,0.0,0.0,0.0,0.0,0.0,291.9361684322357,0.0,0.0,0.0,0.0,0.0,72.97691750526428,0.0,0.0,0.0,0.0,0.0,126.91165614128113,0.0,0.0,0.0,0.0,0.0,519.6788785457611,0.0,0.0,0.0,0.0,0.0,898.6195299625397
44066044.0,1.0,1.0,1.0,1.0,1.0,0.1315596103668213,1.0,1.0,1.0,1.0,1.0,0.13336753845214844,1.0,1.0,1.0,1.0,1.0,0.13327550888061523,1.0,1.0,1.0,1.0,1.0,0.13210344314575195,1.0,1.0,1.0,1.0,1.0,0.1316220760345459,1.0,1.0,1.0,1.0,1.0,0.1343400478363037,1.0,1.0,1.0,1.0,1.0,0.1326766014099121,1.0,1.0,1.0,1.0,1.0,0.13489866256713867,1.0,1.0,1.0,1.0,1.0,0.13244128227233887
43055289.0,0.0,0.0,0.0,0.0,0.0,0.6321079730987549,0.0,0.0,0.0,0.0,0.0,0.6864628791809082,0.0,0.0,0.0,0.0,0.0,0.6922087669372559,0.0,0.0,0.0,0.0,0.0,0.6869332790374756,0.0,0.0,0.0,0.0,0.0,0.6161038875579834,0.0,0.0,0.0,0.0,0.0,0.19679665565490723,0.0,0.0,0.0,0.0,0.0,0.30292320251464844,0.0,0.0,0.0,0.0,0.0,1.2455453872680664,0.0,0.0,0.0,0.0,0.0,2.4938104152679443
42800203.0,1.0,1.0,1.0,1.0,1.0,0.3495469093322754,1.0,1.0,1.0,1.0,1.0,0.3266596794128418,1.0,1.0,1.0,1.0,1.0,0.3281400203704834,1.0,1.0,1.0,1.0,1.0,0.3329794406890869,1.0,1.0,1.0,1.0,1.0,0.3429524898529053,1.0,1.0,1.0,1.0,1.0,0.31768345832824707,1.0,1.0,1.0,1.0,1.0,0.41643190383911133,1.0,1.0,1.0,1.0,1.0,0.4196467399597168,1.0,1.0,1.0,1.0,1.0,0.34546399116516113
42514960.0,1.0,1.0,1.0,1.0,1.0,0.14987397193908691,1.0,1.0,1.0,1.0,1.0,0.1420598030090332,1.0,1.0,1.0,1.0,1.0,0.1398015022277832,1.0,1.0,1.0,1.0,1.0,0.1492328643798828,1.0,1.0,1.0,1.0,1.0,0.140366792678833,1.0,1.0,1.0,1.0,1.0,0.13240265846252441,1.0,1.0,1.0,1.0,1.0,0.13351202011108398,1.0,1.0,1.0,1.0,1.0,0.1500101089477539,1.0,1.0,1.0,1.0,1.0,0.14426422119140625
42472447.0,0.0,0.0,0.0,0.0,0.0,0.6068165302276611,0.0,0.0,0.0,0.0,0.0,0.5956132411956787,0.0,0.0,0.0,0.0,0.0,0.5863468647003174,0.0,0.0,0.0,0.0,0.0,0.5832822322845459,0.0,0.0,0.0,0.0,0.0,0.57930588722229,0.0,0.0,0.0,0.0,0.0,0.6766881942749023,0.0,0.0,0.0,0.0,0.0,0.6124024391174316,0.0,0.0,0.0,0.0,0.0,0.6154270172119141,0.0,0.0,0.0,0.0,0.0,0.6093919277191162
41999686.0,1.0,1.0,1.0,1.0,1.0,3.1707122325897217,1.0,1.0,1.0,1.0,1.0,3.1010656356811523,0.0,0.0,1.0,1.0,0.0,3.0808448791503906,0.0,0.0,0.0,0.0,0.0,3.0562915802001953,0.0,0.0,0.0,0.0,0.0,3.145946979522705,1.0,1.0,1.0,1.0,1.0,1.9360744953155518,1.0,1.0,1.0,1.0,1.0,3.166846990585327,1.0,1.0,1.0,1.0,1.0,3.2096197605133057,1.0,1.0,1.0,1.0,1.0,3.176488161087036
41823068.0,1.0,1.0,1.0,1.0,1.0,0.5254828929901123,1.0,0.0,0.0,0.0,1.0,0.442094087600708,0.0,0.0,0.0,0.0,0.0,0.4474363327026367,0.0,0.0,0.0,0.0,0.0,0.4465012550354004,0.0,0.0,0.0,0.0,0.0,0.4513535499572754,1.0,1.0,1.0,1.0,1.0,0.21870112419128418,1.0,1.0,1.0,1.0,1.0,0.36640191078186035,1.0,1.0,1.0,1.0,1.0,0.44329285621643066,1.0,1.0,1.0,1.0,1.0,0.4434540271759033
41600519.0,0.0,0.0,0.0,0.0,0.0,4.553565740585327,0.0,0.0,0.0,0.0,0.0,4.675776958465576,0.0,0.0,0.0,0.0,0.0,4.719166040420532,0.0,0.0,0.0,0.0,0.0,4.718052864074707,0.0,0.0,0.0,0.0,0.0,4.627265691757202,0.0,0.0,0.0,0.0,0.0,1.4314568042755127,0.0,0.0,0.0,0.0,0.0,2.324462890625,0.0,0.0,0.0,0.0,0.0,5.092371702194214,0.0,0.0,0.0,0.0,0.0,4.9743568897247314
41596619.0,1.0,1.0,1.0,1.0,1.0,0.054964542388916016,1.0,1.0,1.0,1.0,1.0,0.05302786827087402,1.0,1.0,1.0,1.0,1.0,0.05379343032836914,0.0,0.0,0.0,0.0,0.0,0.05270075798034668,0.0,0.0,0.0,0.0,0.0,0.05299639701843262,1.0,1.0,1.0,1.0,1.0,0.0537569522857666,1.0,1.0,1.0,1.0,1.0,0.05327916145324707,1.0,1.0,1.0,1.0,1.0,0.05319809913635254,1.0,1.0,1.0,1.0,1.0,0.05302834510803223
34673164.0,1.0,1.0,1.0,1.0,1.0,0.5094566345214844,1.0,1.0,1.0,1.0,1.0,0.5089325904846191,1.0,1.0,1.0,1.0,1.0,0.5123004913330078,1.0,1.0,1.0,1.0,1.0,0.5155823230743408,1.0,1.0,1.0,1.0,1.0,0.514146089553833,1.0,1.0,1.0,1.0,1.0,0.5076727867126465,1.0,1.0,1.0,1.0,1.0,0.5002973079681396,1.0,1.0,1.0,1.0,1.0,0.5087995529174805,1.0,1.0,1.0,1.0,1.0,0.5017921924591064
34311586.0,1.0,1.0,1.0,1.0,1.0,0.05668759346008301,1.0,1.0,1.0,1.0,1.0,0.057184696197509766,1.0,1.0,1.0,1.0,1.0,0.05942654609680176,1.0,1.0,1.0,1.0,1.0,0.05720090866088867,1.0,1.0,1.0,1.0,1.0,0.05858564376831055,1.0,1.0,1.0,1.0,1.0,0.058183908462524414,1.0,1.0,1.0,1.0,1.0,0.0539705753326416,1.0,1.0,1.0,1.0,1.0,0.05823874473571777,1.0,1.0,1.0,1.0,1.0,0.05554676055908203
33969059.0,1.0,1.0,1.0,1.0,1.0,1.9387853145599365,1.0,1.0,1.0,1.0,1.0,1.8762481212615967,1.0,1.0,1.0,1.0,1.0,1.8970239162445068,1.0,1.0,1.0,1.0,1.0,1.944899559020996,1.0,1.0,1.0,1.0,1.0,1.959453821182251,1.0,1.0,1.0,1.0,1.0,1.928130865097046,1.0,1.0,1.0,1.0,1.0,1.8821110725402832,1.0,1.0,1.0,1.0,1.0,2.0024805068969727,1.0,1.0,1.0,1.0,1.0,1.911468505859375
31880720.0,1.0,1.0,0.0,1.0,1.0,0.7750656604766846,1.0,1.0,0.0,1.0,1.0,0.7746062278747559,1.0,1.0,0.0,1.0,1.0,0.7755036354064941,1.0,1.0,0.0,1.0,1.0,0.7751469612121582,1.0,1.0,0.0,1.0,1.0,0.7784926891326904,1.0,1.0,0.0,1.0,1.0,0.6700639724731445,1.0,1.0,0.0,1.0,1.0,0.7699851989746094,1.0,1.0,0.0,1.0,1.0,0.7936215400695801,1.0,1.0,0.0,1.0,1.0,0.7725017070770264
31627380.0,1.0,1.0,1.0,1.0,1.0,0.2253727912902832,1.0,1.0,1.0,1.0,1.0,0.22359418869018555,1.0,1.0,1.0,1.0,1.0,0.2249152660369873,1.0,1.0,1.0,1.0,1.0,0.22342133522033691,1.0,1.0,1.0,1.0,1.0,0.22636008262634277,1.0,1.0,1.0,1.0,1.0,0.22742962837219238,1.0,1.0,1.0,1.0,1.0,0.2235424518585205,1.0,1.0,1.0,1.0,1.0,0.22522330284118652,1.0,1.0,1.0,1.0,1.0,0.22388195991516113
,77.0,79.0,75.0,78.0,79.0,36.31221641587817,74.0,77.0,74.0,77.0,73.0,40.77745899090097,70.0,74.0,71.0,75.0,69.0,39.3279278573911,66.0,64.0,62.0,64.0,64.0,36.40545377849547,65.0,66.0,63.0,66.0,63.0,34.58064426075328,76.0,81.0,76.0,77.0,79.0,11.577940708349558,78.0,81.0,76.0,80.0,80.0,26.887428531961994,77.0,79.0,75.0,79.0,79.0,64.35691726897373,77.0,79.0,76.0,79.0,79.0,115.85716532872728
